# Senter Premium — generated by tool/generate_flashlight_model.dart
# Triangles: 5736
# Materials: body, grip, gold, head, reflector, lens, button
v -1.2000 0.0000 0.0000
v -1.2000 0.1987 0.0224
v -1.2000 0.2000 0.0000
v -1.2000 0.1950 0.0445
v -1.2000 0.1888 0.0661
v -1.2000 0.1802 0.0868
v -1.2000 0.1693 0.1064
v -1.2000 0.1564 0.1247
v -1.2000 0.1414 0.1414
v -1.2000 0.1247 0.1564
v -1.2000 0.1064 0.1693
v -1.2000 0.0868 0.1802
v -1.2000 0.0661 0.1888
v -1.2000 0.0445 0.1950
v -1.2000 0.0224 0.1987
v -1.2000 0.0000 0.2000
v -1.2000 -0.0224 0.1987
v -1.2000 -0.0000 0.0000
v -1.2000 -0.0445 0.1950
v -1.2000 -0.0661 0.1888
v -1.2000 -0.0868 0.1802
v -1.2000 -0.1064 0.1693
v -1.2000 -0.1247 0.1564
v -1.2000 -0.1414 0.1414
v -1.2000 -0.1564 0.1247
v -1.2000 -0.1693 0.1064
v -1.2000 -0.1802 0.0868
v -1.2000 -0.1888 0.0661
v -1.2000 -0.1950 0.0445
v -1.2000 -0.1987 0.0224
v -1.2000 -0.2000 0.0000
v -1.2000 -0.1987 -0.0224
v -1.2000 -0.0000 -0.0000
v -1.2000 -0.1950 -0.0445
v -1.2000 -0.1888 -0.0661
v -1.2000 -0.1802 -0.0868
v -1.2000 -0.1693 -0.1064
v -1.2000 -0.1564 -0.1247
v -1.2000 -0.1414 -0.1414
v -1.2000 -0.1247 -0.1564
v -1.2000 -0.1064 -0.1693
v -1.2000 -0.0868 -0.1802
v -1.2000 -0.0661 -0.1888
v -1.2000 -0.0445 -0.1950
v -1.2000 -0.0224 -0.1987
v -1.2000 -0.0000 -0.2000
v -1.2000 0.0224 -0.1987
v -1.2000 0.0000 -0.0000
v -1.2000 0.0445 -0.1950
v -1.2000 0.0661 -0.1888
v -1.2000 0.0868 -0.1802
v -1.2000 0.1064 -0.1693
v -1.2000 0.1247 -0.1564
v -1.2000 0.1414 -0.1414
v -1.2000 0.1564 -0.1247
v -1.2000 0.1693 -0.1064
v -1.2000 0.1802 -0.0868
v -1.2000 0.1888 -0.0661
v -1.2000 0.1950 -0.0445
v -1.2000 0.1987 -0.0224
v -1.2000 0.2000 -0.0000
v -1.1700 0.2584 0.0291
v -1.1700 0.2600 0.0000
v -1.1700 0.2535 0.0579
v -1.1700 0.2454 0.0859
v -1.1700 0.2343 0.1128
v -1.1700 0.2201 0.1383
v -1.1700 0.2033 0.1621
v -1.1700 0.1838 0.1838
v -1.1700 0.1621 0.2033
v -1.1700 0.1383 0.2201
v -1.1700 0.1128 0.2343
v -1.1700 0.0859 0.2454
v -1.1700 0.0579 0.2535
v -1.1700 0.0291 0.2584
v -1.1700 0.0000 0.2600
v -1.1700 -0.0291 0.2584
v -1.1700 -0.0579 0.2535
v -1.1700 -0.0859 0.2454
v -1.1700 -0.1128 0.2343
v -1.1700 -0.1383 0.2201
v -1.1700 -0.1621 0.2033
v -1.1700 -0.1838 0.1838
v -1.1700 -0.2033 0.1621
v -1.1700 -0.2201 0.1383
v -1.1700 -0.2343 0.1128
v -1.1700 -0.2454 0.0859
v -1.1700 -0.2535 0.0579
v -1.1700 -0.2584 0.0291
v -1.1700 -0.2600 0.0000
v -1.1700 -0.2584 -0.0291
v -1.1700 -0.2535 -0.0579
v -1.1700 -0.2454 -0.0859
v -1.1700 -0.2343 -0.1128
v -1.1700 -0.2201 -0.1383
v -1.1700 -0.2033 -0.1621
v -1.1700 -0.1838 -0.1838
v -1.1700 -0.1621 -0.2033
v -1.1700 -0.1383 -0.2201
v -1.1700 -0.1128 -0.2343
v -1.1700 -0.0859 -0.2454
v -1.1700 -0.0579 -0.2535
v -1.1700 -0.0291 -0.2584
v -1.1700 -0.0000 -0.2600
v -1.1700 0.0291 -0.2584
v -1.1700 0.0579 -0.2535
v -1.1700 0.0859 -0.2454
v -1.1700 0.1128 -0.2343
v -1.1700 0.1383 -0.2201
v -1.1700 0.1621 -0.2033
v -1.1700 0.1838 -0.1838
v -1.1700 0.2033 -0.1621
v -1.1700 0.2201 -0.1383
v -1.1700 0.2343 -0.1128
v -1.1700 0.2454 -0.0859
v -1.1700 0.2535 -0.0579
v -1.1700 0.2584 -0.0291
v -1.1700 0.2600 -0.0000
v -1.0500 0.2584 0.0291
v -1.0500 0.2600 0.0000
v -1.0500 0.2535 0.0579
v -1.0500 0.2454 0.0859
v -1.0500 0.2343 0.1128
v -1.0500 0.2201 0.1383
v -1.0500 0.2033 0.1621
v -1.0500 0.1838 0.1838
v -1.0500 0.1621 0.2033
v -1.0500 0.1383 0.2201
v -1.0500 0.1128 0.2343
v -1.0500 0.0859 0.2454
v -1.0500 0.0579 0.2535
v -1.0500 0.0291 0.2584
v -1.0500 0.0000 0.2600
v -1.0500 -0.0291 0.2584
v -1.0500 -0.0579 0.2535
v -1.0500 -0.0859 0.2454
v -1.0500 -0.1128 0.2343
v -1.0500 -0.1383 0.2201
v -1.0500 -0.1621 0.2033
v -1.0500 -0.1838 0.1838
v -1.0500 -0.2033 0.1621
v -1.0500 -0.2201 0.1383
v -1.0500 -0.2343 0.1128
v -1.0500 -0.2454 0.0859
v -1.0500 -0.2535 0.0579
v -1.0500 -0.2584 0.0291
v -1.0500 -0.2600 0.0000
v -1.0500 -0.2584 -0.0291
v -1.0500 -0.2535 -0.0579
v -1.0500 -0.2454 -0.0859
v -1.0500 -0.2343 -0.1128
v -1.0500 -0.2201 -0.1383
v -1.0500 -0.2033 -0.1621
v -1.0500 -0.1838 -0.1838
v -1.0500 -0.1621 -0.2033
v -1.0500 -0.1383 -0.2201
v -1.0500 -0.1128 -0.2343
v -1.0500 -0.0859 -0.2454
v -1.0500 -0.0579 -0.2535
v -1.0500 -0.0291 -0.2584
v -1.0500 -0.0000 -0.2600
v -1.0500 0.0291 -0.2584
v -1.0500 0.0579 -0.2535
v -1.0500 0.0859 -0.2454
v -1.0500 0.1128 -0.2343
v -1.0500 0.1383 -0.2201
v -1.0500 0.1621 -0.2033
v -1.0500 0.1838 -0.1838
v -1.0500 0.2033 -0.1621
v -1.0500 0.2201 -0.1383
v -1.0500 0.2343 -0.1128
v -1.0500 0.2454 -0.0859
v -1.0500 0.2535 -0.0579
v -1.0500 0.2584 -0.0291
v -1.0500 0.2600 -0.0000
v -1.0200 0.2385 0.0269
v -1.0200 0.2400 0.0000
v -1.0200 0.2340 0.0534
v -1.0200 0.2265 0.0793
v -1.0200 0.2162 0.1041
v -1.0200 0.2032 0.1277
v -1.0200 0.1876 0.1496
v -1.0200 0.1697 0.1697
v -1.0200 0.1496 0.1876
v -1.0200 0.1277 0.2032
v -1.0200 0.1041 0.2162
v -1.0200 0.0793 0.2265
v -1.0200 0.0534 0.2340
v -1.0200 0.0269 0.2385
v -1.0200 0.0000 0.2400
v -1.0200 -0.0269 0.2385
v -1.0200 -0.0534 0.2340
v -1.0200 -0.0793 0.2265
v -1.0200 -0.1041 0.2162
v -1.0200 -0.1277 0.2032
v -1.0200 -0.1496 0.1876
v -1.0200 -0.1697 0.1697
v -1.0200 -0.1876 0.1496
v -1.0200 -0.2032 0.1277
v -1.0200 -0.2162 0.1041
v -1.0200 -0.2265 0.0793
v -1.0200 -0.2340 0.0534
v -1.0200 -0.2385 0.0269
v -1.0200 -0.2400 0.0000
v -1.0200 -0.2385 -0.0269
v -1.0200 -0.2340 -0.0534
v -1.0200 -0.2265 -0.0793
v -1.0200 -0.2162 -0.1041
v -1.0200 -0.2032 -0.1277
v -1.0200 -0.1876 -0.1496
v -1.0200 -0.1697 -0.1697
v -1.0200 -0.1496 -0.1876
v -1.0200 -0.1277 -0.2032
v -1.0200 -0.1041 -0.2162
v -1.0200 -0.0793 -0.2265
v -1.0200 -0.0534 -0.2340
v -1.0200 -0.0269 -0.2385
v -1.0200 -0.0000 -0.2400
v -1.0200 0.0269 -0.2385
v -1.0200 0.0534 -0.2340
v -1.0200 0.0793 -0.2265
v -1.0200 0.1041 -0.2162
v -1.0200 0.1277 -0.2032
v -1.0200 0.1496 -0.1876
v -1.0200 0.1697 -0.1697
v -1.0200 0.1876 -0.1496
v -1.0200 0.2032 -0.1277
v -1.0200 0.2162 -0.1041
v -1.0200 0.2265 -0.0793
v -1.0200 0.2340 -0.0534
v -1.0200 0.2385 -0.0269
v -1.0200 0.2400 -0.0000
v -0.9200 0.2385 0.0269
v -0.9200 0.2400 0.0000
v -0.9200 0.2340 0.0534
v -0.9200 0.2265 0.0793
v -0.9200 0.2162 0.1041
v -0.9200 0.2032 0.1277
v -0.9200 0.1876 0.1496
v -0.9200 0.1697 0.1697
v -0.9200 0.1496 0.1876
v -0.9200 0.1277 0.2032
v -0.9200 0.1041 0.2162
v -0.9200 0.0793 0.2265
v -0.9200 0.0534 0.2340
v -0.9200 0.0269 0.2385
v -0.9200 0.0000 0.2400
v -0.9200 -0.0269 0.2385
v -0.9200 -0.0534 0.2340
v -0.9200 -0.0793 0.2265
v -0.9200 -0.1041 0.2162
v -0.9200 -0.1277 0.2032
v -0.9200 -0.1496 0.1876
v -0.9200 -0.1697 0.1697
v -0.9200 -0.1876 0.1496
v -0.9200 -0.2032 0.1277
v -0.9200 -0.2162 0.1041
v -0.9200 -0.2265 0.0793
v -0.9200 -0.2340 0.0534
v -0.9200 -0.2385 0.0269
v -0.9200 -0.2400 0.0000
v -0.9200 -0.2385 -0.0269
v -0.9200 -0.2340 -0.0534
v -0.9200 -0.2265 -0.0793
v -0.9200 -0.2162 -0.1041
v -0.9200 -0.2032 -0.1277
v -0.9200 -0.1876 -0.1496
v -0.9200 -0.1697 -0.1697
v -0.9200 -0.1496 -0.1876
v -0.9200 -0.1277 -0.2032
v -0.9200 -0.1041 -0.2162
v -0.9200 -0.0793 -0.2265
v -0.9200 -0.0534 -0.2340
v -0.9200 -0.0269 -0.2385
v -0.9200 -0.0000 -0.2400
v -0.9200 0.0269 -0.2385
v -0.9200 0.0534 -0.2340
v -0.9200 0.0793 -0.2265
v -0.9200 0.1041 -0.2162
v -0.9200 0.1277 -0.2032
v -0.9200 0.1496 -0.1876
v -0.9200 0.1697 -0.1697
v -0.9200 0.1876 -0.1496
v -0.9200 0.2032 -0.1277
v -0.9200 0.2162 -0.1041
v -0.9200 0.2265 -0.0793
v -0.9200 0.2340 -0.0534
v -0.9200 0.2385 -0.0269
v -0.9200 0.2400 -0.0000
v -0.9050 0.2524 0.0284
v -0.9050 0.2540 0.0000
v -0.9050 0.2476 0.0565
v -0.9050 0.2397 0.0839
v -0.9050 0.2288 0.1102
v -0.9050 0.2151 0.1351
v -0.9050 0.1986 0.1584
v -0.9050 0.1796 0.1796
v -0.9050 0.1584 0.1986
v -0.9050 0.1351 0.2151
v -0.9050 0.1102 0.2288
v -0.9050 0.0839 0.2397
v -0.9050 0.0565 0.2476
v -0.9050 0.0284 0.2524
v -0.9050 0.0000 0.2540
v -0.9050 -0.0284 0.2524
v -0.9050 -0.0565 0.2476
v -0.9050 -0.0839 0.2397
v -0.9050 -0.1102 0.2288
v -0.9050 -0.1351 0.2151
v -0.9050 -0.1584 0.1986
v -0.9050 -0.1796 0.1796
v -0.9050 -0.1986 0.1584
v -0.9050 -0.2151 0.1351
v -0.9050 -0.2288 0.1102
v -0.9050 -0.2397 0.0839
v -0.9050 -0.2476 0.0565
v -0.9050 -0.2524 0.0284
v -0.9050 -0.2540 0.0000
v -0.9050 -0.2524 -0.0284
v -0.9050 -0.2476 -0.0565
v -0.9050 -0.2397 -0.0839
v -0.9050 -0.2288 -0.1102
v -0.9050 -0.2151 -0.1351
v -0.9050 -0.1986 -0.1584
v -0.9050 -0.1796 -0.1796
v -0.9050 -0.1584 -0.1986
v -0.9050 -0.1351 -0.2151
v -0.9050 -0.1102 -0.2288
v -0.9050 -0.0839 -0.2397
v -0.9050 -0.0565 -0.2476
v -0.9050 -0.0284 -0.2524
v -0.9050 -0.0000 -0.2540
v -0.9050 0.0284 -0.2524
v -0.9050 0.0565 -0.2476
v -0.9050 0.0839 -0.2397
v -0.9050 0.1102 -0.2288
v -0.9050 0.1351 -0.2151
v -0.9050 0.1584 -0.1986
v -0.9050 0.1796 -0.1796
v -0.9050 0.1986 -0.1584
v -0.9050 0.2151 -0.1351
v -0.9050 0.2288 -0.1102
v -0.9050 0.2397 -0.0839
v -0.9050 0.2476 -0.0565
v -0.9050 0.2524 -0.0284
v -0.9050 0.2540 -0.0000
v -0.8450 0.2524 0.0284
v -0.8450 0.2540 0.0000
v -0.8450 0.2476 0.0565
v -0.8450 0.2397 0.0839
v -0.8450 0.2288 0.1102
v -0.8450 0.2151 0.1351
v -0.8450 0.1986 0.1584
v -0.8450 0.1796 0.1796
v -0.8450 0.1584 0.1986
v -0.8450 0.1351 0.2151
v -0.8450 0.1102 0.2288
v -0.8450 0.0839 0.2397
v -0.8450 0.0565 0.2476
v -0.8450 0.0284 0.2524
v -0.8450 0.0000 0.2540
v -0.8450 -0.0284 0.2524
v -0.8450 -0.0565 0.2476
v -0.8450 -0.0839 0.2397
v -0.8450 -0.1102 0.2288
v -0.8450 -0.1351 0.2151
v -0.8450 -0.1584 0.1986
v -0.8450 -0.1796 0.1796
v -0.8450 -0.1986 0.1584
v -0.8450 -0.2151 0.1351
v -0.8450 -0.2288 0.1102
v -0.8450 -0.2397 0.0839
v -0.8450 -0.2476 0.0565
v -0.8450 -0.2524 0.0284
v -0.8450 -0.2540 0.0000
v -0.8450 -0.2524 -0.0284
v -0.8450 -0.2476 -0.0565
v -0.8450 -0.2397 -0.0839
v -0.8450 -0.2288 -0.1102
v -0.8450 -0.2151 -0.1351
v -0.8450 -0.1986 -0.1584
v -0.8450 -0.1796 -0.1796
v -0.8450 -0.1584 -0.1986
v -0.8450 -0.1351 -0.2151
v -0.8450 -0.1102 -0.2288
v -0.8450 -0.0839 -0.2397
v -0.8450 -0.0565 -0.2476
v -0.8450 -0.0284 -0.2524
v -0.8450 -0.0000 -0.2540
v -0.8450 0.0284 -0.2524
v -0.8450 0.0565 -0.2476
v -0.8450 0.0839 -0.2397
v -0.8450 0.1102 -0.2288
v -0.8450 0.1351 -0.2151
v -0.8450 0.1584 -0.1986
v -0.8450 0.1796 -0.1796
v -0.8450 0.1986 -0.1584
v -0.8450 0.2151 -0.1351
v -0.8450 0.2288 -0.1102
v -0.8450 0.2397 -0.0839
v -0.8450 0.2476 -0.0565
v -0.8450 0.2524 -0.0284
v -0.8450 0.2540 -0.0000
v -0.8300 0.2385 0.0269
v -0.8300 0.2400 0.0000
v -0.8300 0.2340 0.0534
v -0.8300 0.2265 0.0793
v -0.8300 0.2162 0.1041
v -0.8300 0.2032 0.1277
v -0.8300 0.1876 0.1496
v -0.8300 0.1697 0.1697
v -0.8300 0.1496 0.1876
v -0.8300 0.1277 0.2032
v -0.8300 0.1041 0.2162
v -0.8300 0.0793 0.2265
v -0.8300 0.0534 0.2340
v -0.8300 0.0269 0.2385
v -0.8300 0.0000 0.2400
v -0.8300 -0.0269 0.2385
v -0.8300 -0.0534 0.2340
v -0.8300 -0.0793 0.2265
v -0.8300 -0.1041 0.2162
v -0.8300 -0.1277 0.2032
v -0.8300 -0.1496 0.1876
v -0.8300 -0.1697 0.1697
v -0.8300 -0.1876 0.1496
v -0.8300 -0.2032 0.1277
v -0.8300 -0.2162 0.1041
v -0.8300 -0.2265 0.0793
v -0.8300 -0.2340 0.0534
v -0.8300 -0.2385 0.0269
v -0.8300 -0.2400 0.0000
v -0.8300 -0.2385 -0.0269
v -0.8300 -0.2340 -0.0534
v -0.8300 -0.2265 -0.0793
v -0.8300 -0.2162 -0.1041
v -0.8300 -0.2032 -0.1277
v -0.8300 -0.1876 -0.1496
v -0.8300 -0.1697 -0.1697
v -0.8300 -0.1496 -0.1876
v -0.8300 -0.1277 -0.2032
v -0.8300 -0.1041 -0.2162
v -0.8300 -0.0793 -0.2265
v -0.8300 -0.0534 -0.2340
v -0.8300 -0.0269 -0.2385
v -0.8300 -0.0000 -0.2400
v -0.8300 0.0269 -0.2385
v -0.8300 0.0534 -0.2340
v -0.8300 0.0793 -0.2265
v -0.8300 0.1041 -0.2162
v -0.8300 0.1277 -0.2032
v -0.8300 0.1496 -0.1876
v -0.8300 0.1697 -0.1697
v -0.8300 0.1876 -0.1496
v -0.8300 0.2032 -0.1277
v -0.8300 0.2162 -0.1041
v -0.8300 0.2265 -0.0793
v -0.8300 0.2340 -0.0534
v -0.8300 0.2385 -0.0269
v -0.8300 0.2400 -0.0000
v -0.8200 0.2385 0.0269
v -0.8200 0.2400 0.0000
v -0.8200 0.2340 0.0534
v -0.8200 0.2265 0.0793
v -0.8200 0.2162 0.1041
v -0.8200 0.2032 0.1277
v -0.8200 0.1876 0.1496
v -0.8200 0.1697 0.1697
v -0.8200 0.1496 0.1876
v -0.8200 0.1277 0.2032
v -0.8200 0.1041 0.2162
v -0.8200 0.0793 0.2265
v -0.8200 0.0534 0.2340
v -0.8200 0.0269 0.2385
v -0.8200 0.0000 0.2400
v -0.8200 -0.0269 0.2385
v -0.8200 -0.0534 0.2340
v -0.8200 -0.0793 0.2265
v -0.8200 -0.1041 0.2162
v -0.8200 -0.1277 0.2032
v -0.8200 -0.1496 0.1876
v -0.8200 -0.1697 0.1697
v -0.8200 -0.1876 0.1496
v -0.8200 -0.2032 0.1277
v -0.8200 -0.2162 0.1041
v -0.8200 -0.2265 0.0793
v -0.8200 -0.2340 0.0534
v -0.8200 -0.2385 0.0269
v -0.8200 -0.2400 0.0000
v -0.8200 -0.2385 -0.0269
v -0.8200 -0.2340 -0.0534
v -0.8200 -0.2265 -0.0793
v -0.8200 -0.2162 -0.1041
v -0.8200 -0.2032 -0.1277
v -0.8200 -0.1876 -0.1496
v -0.8200 -0.1697 -0.1697
v -0.8200 -0.1496 -0.1876
v -0.8200 -0.1277 -0.2032
v -0.8200 -0.1041 -0.2162
v -0.8200 -0.0793 -0.2265
v -0.8200 -0.0534 -0.2340
v -0.8200 -0.0269 -0.2385
v -0.8200 -0.0000 -0.2400
v -0.8200 0.0269 -0.2385
v -0.8200 0.0534 -0.2340
v -0.8200 0.0793 -0.2265
v -0.8200 0.1041 -0.2162
v -0.8200 0.1277 -0.2032
v -0.8200 0.1496 -0.1876
v -0.8200 0.1697 -0.1697
v -0.8200 0.1876 -0.1496
v -0.8200 0.2032 -0.1277
v -0.8200 0.2162 -0.1041
v -0.8200 0.2265 -0.0793
v -0.8200 0.2340 -0.0534
v -0.8200 0.2385 -0.0269
v -0.8200 0.2400 -0.0000
v -0.8050 0.2524 0.0284
v -0.8050 0.2540 0.0000
v -0.8050 0.2476 0.0565
v -0.8050 0.2397 0.0839
v -0.8050 0.2288 0.1102
v -0.8050 0.2151 0.1351
v -0.8050 0.1986 0.1584
v -0.8050 0.1796 0.1796
v -0.8050 0.1584 0.1986
v -0.8050 0.1351 0.2151
v -0.8050 0.1102 0.2288
v -0.8050 0.0839 0.2397
v -0.8050 0.0565 0.2476
v -0.8050 0.0284 0.2524
v -0.8050 0.0000 0.2540
v -0.8050 -0.0284 0.2524
v -0.8050 -0.0565 0.2476
v -0.8050 -0.0839 0.2397
v -0.8050 -0.1102 0.2288
v -0.8050 -0.1351 0.2151
v -0.8050 -0.1584 0.1986
v -0.8050 -0.1796 0.1796
v -0.8050 -0.1986 0.1584
v -0.8050 -0.2151 0.1351
v -0.8050 -0.2288 0.1102
v -0.8050 -0.2397 0.0839
v -0.8050 -0.2476 0.0565
v -0.8050 -0.2524 0.0284
v -0.8050 -0.2540 0.0000
v -0.8050 -0.2524 -0.0284
v -0.8050 -0.2476 -0.0565
v -0.8050 -0.2397 -0.0839
v -0.8050 -0.2288 -0.1102
v -0.8050 -0.2151 -0.1351
v -0.8050 -0.1986 -0.1584
v -0.8050 -0.1796 -0.1796
v -0.8050 -0.1584 -0.1986
v -0.8050 -0.1351 -0.2151
v -0.8050 -0.1102 -0.2288
v -0.8050 -0.0839 -0.2397
v -0.8050 -0.0565 -0.2476
v -0.8050 -0.0284 -0.2524
v -0.8050 -0.0000 -0.2540
v -0.8050 0.0284 -0.2524
v -0.8050 0.0565 -0.2476
v -0.8050 0.0839 -0.2397
v -0.8050 0.1102 -0.2288
v -0.8050 0.1351 -0.2151
v -0.8050 0.1584 -0.1986
v -0.8050 0.1796 -0.1796
v -0.8050 0.1986 -0.1584
v -0.8050 0.2151 -0.1351
v -0.8050 0.2288 -0.1102
v -0.8050 0.2397 -0.0839
v -0.8050 0.2476 -0.0565
v -0.8050 0.2524 -0.0284
v -0.8050 0.2540 -0.0000
v -0.7450 0.2524 0.0284
v -0.7450 0.2540 0.0000
v -0.7450 0.2476 0.0565
v -0.7450 0.2397 0.0839
v -0.7450 0.2288 0.1102
v -0.7450 0.2151 0.1351
v -0.7450 0.1986 0.1584
v -0.7450 0.1796 0.1796
v -0.7450 0.1584 0.1986
v -0.7450 0.1351 0.2151
v -0.7450 0.1102 0.2288
v -0.7450 0.0839 0.2397
v -0.7450 0.0565 0.2476
v -0.7450 0.0284 0.2524
v -0.7450 0.0000 0.2540
v -0.7450 -0.0284 0.2524
v -0.7450 -0.0565 0.2476
v -0.7450 -0.0839 0.2397
v -0.7450 -0.1102 0.2288
v -0.7450 -0.1351 0.2151
v -0.7450 -0.1584 0.1986
v -0.7450 -0.1796 0.1796
v -0.7450 -0.1986 0.1584
v -0.7450 -0.2151 0.1351
v -0.7450 -0.2288 0.1102
v -0.7450 -0.2397 0.0839
v -0.7450 -0.2476 0.0565
v -0.7450 -0.2524 0.0284
v -0.7450 -0.2540 0.0000
v -0.7450 -0.2524 -0.0284
v -0.7450 -0.2476 -0.0565
v -0.7450 -0.2397 -0.0839
v -0.7450 -0.2288 -0.1102
v -0.7450 -0.2151 -0.1351
v -0.7450 -0.1986 -0.1584
v -0.7450 -0.1796 -0.1796
v -0.7450 -0.1584 -0.1986
v -0.7450 -0.1351 -0.2151
v -0.7450 -0.1102 -0.2288
v -0.7450 -0.0839 -0.2397
v -0.7450 -0.0565 -0.2476
v -0.7450 -0.0284 -0.2524
v -0.7450 -0.0000 -0.2540
v -0.7450 0.0284 -0.2524
v -0.7450 0.0565 -0.2476
v -0.7450 0.0839 -0.2397
v -0.7450 0.1102 -0.2288
v -0.7450 0.1351 -0.2151
v -0.7450 0.1584 -0.1986
v -0.7450 0.1796 -0.1796
v -0.7450 0.1986 -0.1584
v -0.7450 0.2151 -0.1351
v -0.7450 0.2288 -0.1102
v -0.7450 0.2397 -0.0839
v -0.7450 0.2476 -0.0565
v -0.7450 0.2524 -0.0284
v -0.7450 0.2540 -0.0000
v -0.7300 0.2385 0.0269
v -0.7300 0.2400 0.0000
v -0.7300 0.2340 0.0534
v -0.7300 0.2265 0.0793
v -0.7300 0.2162 0.1041
v -0.7300 0.2032 0.1277
v -0.7300 0.1876 0.1496
v -0.7300 0.1697 0.1697
v -0.7300 0.1496 0.1876
v -0.7300 0.1277 0.2032
v -0.7300 0.1041 0.2162
v -0.7300 0.0793 0.2265
v -0.7300 0.0534 0.2340
v -0.7300 0.0269 0.2385
v -0.7300 0.0000 0.2400
v -0.7300 -0.0269 0.2385
v -0.7300 -0.0534 0.2340
v -0.7300 -0.0793 0.2265
v -0.7300 -0.1041 0.2162
v -0.7300 -0.1277 0.2032
v -0.7300 -0.1496 0.1876
v -0.7300 -0.1697 0.1697
v -0.7300 -0.1876 0.1496
v -0.7300 -0.2032 0.1277
v -0.7300 -0.2162 0.1041
v -0.7300 -0.2265 0.0793
v -0.7300 -0.2340 0.0534
v -0.7300 -0.2385 0.0269
v -0.7300 -0.2400 0.0000
v -0.7300 -0.2385 -0.0269
v -0.7300 -0.2340 -0.0534
v -0.7300 -0.2265 -0.0793
v -0.7300 -0.2162 -0.1041
v -0.7300 -0.2032 -0.1277
v -0.7300 -0.1876 -0.1496
v -0.7300 -0.1697 -0.1697
v -0.7300 -0.1496 -0.1876
v -0.7300 -0.1277 -0.2032
v -0.7300 -0.1041 -0.2162
v -0.7300 -0.0793 -0.2265
v -0.7300 -0.0534 -0.2340
v -0.7300 -0.0269 -0.2385
v -0.7300 -0.0000 -0.2400
v -0.7300 0.0269 -0.2385
v -0.7300 0.0534 -0.2340
v -0.7300 0.0793 -0.2265
v -0.7300 0.1041 -0.2162
v -0.7300 0.1277 -0.2032
v -0.7300 0.1496 -0.1876
v -0.7300 0.1697 -0.1697
v -0.7300 0.1876 -0.1496
v -0.7300 0.2032 -0.1277
v -0.7300 0.2162 -0.1041
v -0.7300 0.2265 -0.0793
v -0.7300 0.2340 -0.0534
v -0.7300 0.2385 -0.0269
v -0.7300 0.2400 -0.0000
v -0.7200 0.2385 0.0269
v -0.7200 0.2400 0.0000
v -0.7200 0.2340 0.0534
v -0.7200 0.2265 0.0793
v -0.7200 0.2162 0.1041
v -0.7200 0.2032 0.1277
v -0.7200 0.1876 0.1496
v -0.7200 0.1697 0.1697
v -0.7200 0.1496 0.1876
v -0.7200 0.1277 0.2032
v -0.7200 0.1041 0.2162
v -0.7200 0.0793 0.2265
v -0.7200 0.0534 0.2340
v -0.7200 0.0269 0.2385
v -0.7200 0.0000 0.2400
v -0.7200 -0.0269 0.2385
v -0.7200 -0.0534 0.2340
v -0.7200 -0.0793 0.2265
v -0.7200 -0.1041 0.2162
v -0.7200 -0.1277 0.2032
v -0.7200 -0.1496 0.1876
v -0.7200 -0.1697 0.1697
v -0.7200 -0.1876 0.1496
v -0.7200 -0.2032 0.1277
v -0.7200 -0.2162 0.1041
v -0.7200 -0.2265 0.0793
v -0.7200 -0.2340 0.0534
v -0.7200 -0.2385 0.0269
v -0.7200 -0.2400 0.0000
v -0.7200 -0.2385 -0.0269
v -0.7200 -0.2340 -0.0534
v -0.7200 -0.2265 -0.0793
v -0.7200 -0.2162 -0.1041
v -0.7200 -0.2032 -0.1277
v -0.7200 -0.1876 -0.1496
v -0.7200 -0.1697 -0.1697
v -0.7200 -0.1496 -0.1876
v -0.7200 -0.1277 -0.2032
v -0.7200 -0.1041 -0.2162
v -0.7200 -0.0793 -0.2265
v -0.7200 -0.0534 -0.2340
v -0.7200 -0.0269 -0.2385
v -0.7200 -0.0000 -0.2400
v -0.7200 0.0269 -0.2385
v -0.7200 0.0534 -0.2340
v -0.7200 0.0793 -0.2265
v -0.7200 0.1041 -0.2162
v -0.7200 0.1277 -0.2032
v -0.7200 0.1496 -0.1876
v -0.7200 0.1697 -0.1697
v -0.7200 0.1876 -0.1496
v -0.7200 0.2032 -0.1277
v -0.7200 0.2162 -0.1041
v -0.7200 0.2265 -0.0793
v -0.7200 0.2340 -0.0534
v -0.7200 0.2385 -0.0269
v -0.7200 0.2400 -0.0000
v -0.7050 0.2524 0.0284
v -0.7050 0.2540 0.0000
v -0.7050 0.2476 0.0565
v -0.7050 0.2397 0.0839
v -0.7050 0.2288 0.1102
v -0.7050 0.2151 0.1351
v -0.7050 0.1986 0.1584
v -0.7050 0.1796 0.1796
v -0.7050 0.1584 0.1986
v -0.7050 0.1351 0.2151
v -0.7050 0.1102 0.2288
v -0.7050 0.0839 0.2397
v -0.7050 0.0565 0.2476
v -0.7050 0.0284 0.2524
v -0.7050 0.0000 0.2540
v -0.7050 -0.0284 0.2524
v -0.7050 -0.0565 0.2476
v -0.7050 -0.0839 0.2397
v -0.7050 -0.1102 0.2288
v -0.7050 -0.1351 0.2151
v -0.7050 -0.1584 0.1986
v -0.7050 -0.1796 0.1796
v -0.7050 -0.1986 0.1584
v -0.7050 -0.2151 0.1351
v -0.7050 -0.2288 0.1102
v -0.7050 -0.2397 0.0839
v -0.7050 -0.2476 0.0565
v -0.7050 -0.2524 0.0284
v -0.7050 -0.2540 0.0000
v -0.7050 -0.2524 -0.0284
v -0.7050 -0.2476 -0.0565
v -0.7050 -0.2397 -0.0839
v -0.7050 -0.2288 -0.1102
v -0.7050 -0.2151 -0.1351
v -0.7050 -0.1986 -0.1584
v -0.7050 -0.1796 -0.1796
v -0.7050 -0.1584 -0.1986
v -0.7050 -0.1351 -0.2151
v -0.7050 -0.1102 -0.2288
v -0.7050 -0.0839 -0.2397
v -0.7050 -0.0565 -0.2476
v -0.7050 -0.0284 -0.2524
v -0.7050 -0.0000 -0.2540
v -0.7050 0.0284 -0.2524
v -0.7050 0.0565 -0.2476
v -0.7050 0.0839 -0.2397
v -0.7050 0.1102 -0.2288
v -0.7050 0.1351 -0.2151
v -0.7050 0.1584 -0.1986
v -0.7050 0.1796 -0.1796
v -0.7050 0.1986 -0.1584
v -0.7050 0.2151 -0.1351
v -0.7050 0.2288 -0.1102
v -0.7050 0.2397 -0.0839
v -0.7050 0.2476 -0.0565
v -0.7050 0.2524 -0.0284
v -0.7050 0.2540 -0.0000
v -0.6450 0.2524 0.0284
v -0.6450 0.2540 0.0000
v -0.6450 0.2476 0.0565
v -0.6450 0.2397 0.0839
v -0.6450 0.2288 0.1102
v -0.6450 0.2151 0.1351
v -0.6450 0.1986 0.1584
v -0.6450 0.1796 0.1796
v -0.6450 0.1584 0.1986
v -0.6450 0.1351 0.2151
v -0.6450 0.1102 0.2288
v -0.6450 0.0839 0.2397
v -0.6450 0.0565 0.2476
v -0.6450 0.0284 0.2524
v -0.6450 0.0000 0.2540
v -0.6450 -0.0284 0.2524
v -0.6450 -0.0565 0.2476
v -0.6450 -0.0839 0.2397
v -0.6450 -0.1102 0.2288
v -0.6450 -0.1351 0.2151
v -0.6450 -0.1584 0.1986
v -0.6450 -0.1796 0.1796
v -0.6450 -0.1986 0.1584
v -0.6450 -0.2151 0.1351
v -0.6450 -0.2288 0.1102
v -0.6450 -0.2397 0.0839
v -0.6450 -0.2476 0.0565
v -0.6450 -0.2524 0.0284
v -0.6450 -0.2540 0.0000
v -0.6450 -0.2524 -0.0284
v -0.6450 -0.2476 -0.0565
v -0.6450 -0.2397 -0.0839
v -0.6450 -0.2288 -0.1102
v -0.6450 -0.2151 -0.1351
v -0.6450 -0.1986 -0.1584
v -0.6450 -0.1796 -0.1796
v -0.6450 -0.1584 -0.1986
v -0.6450 -0.1351 -0.2151
v -0.6450 -0.1102 -0.2288
v -0.6450 -0.0839 -0.2397
v -0.6450 -0.0565 -0.2476
v -0.6450 -0.0284 -0.2524
v -0.6450 -0.0000 -0.2540
v -0.6450 0.0284 -0.2524
v -0.6450 0.0565 -0.2476
v -0.6450 0.0839 -0.2397
v -0.6450 0.1102 -0.2288
v -0.6450 0.1351 -0.2151
v -0.6450 0.1584 -0.1986
v -0.6450 0.1796 -0.1796
v -0.6450 0.1986 -0.1584
v -0.6450 0.2151 -0.1351
v -0.6450 0.2288 -0.1102
v -0.6450 0.2397 -0.0839
v -0.6450 0.2476 -0.0565
v -0.6450 0.2524 -0.0284
v -0.6450 0.2540 -0.0000
v -0.6300 0.2385 0.0269
v -0.6300 0.2400 0.0000
v -0.6300 0.2340 0.0534
v -0.6300 0.2265 0.0793
v -0.6300 0.2162 0.1041
v -0.6300 0.2032 0.1277
v -0.6300 0.1876 0.1496
v -0.6300 0.1697 0.1697
v -0.6300 0.1496 0.1876
v -0.6300 0.1277 0.2032
v -0.6300 0.1041 0.2162
v -0.6300 0.0793 0.2265
v -0.6300 0.0534 0.2340
v -0.6300 0.0269 0.2385
v -0.6300 0.0000 0.2400
v -0.6300 -0.0269 0.2385
v -0.6300 -0.0534 0.2340
v -0.6300 -0.0793 0.2265
v -0.6300 -0.1041 0.2162
v -0.6300 -0.1277 0.2032
v -0.6300 -0.1496 0.1876
v -0.6300 -0.1697 0.1697
v -0.6300 -0.1876 0.1496
v -0.6300 -0.2032 0.1277
v -0.6300 -0.2162 0.1041
v -0.6300 -0.2265 0.0793
v -0.6300 -0.2340 0.0534
v -0.6300 -0.2385 0.0269
v -0.6300 -0.2400 0.0000
v -0.6300 -0.2385 -0.0269
v -0.6300 -0.2340 -0.0534
v -0.6300 -0.2265 -0.0793
v -0.6300 -0.2162 -0.1041
v -0.6300 -0.2032 -0.1277
v -0.6300 -0.1876 -0.1496
v -0.6300 -0.1697 -0.1697
v -0.6300 -0.1496 -0.1876
v -0.6300 -0.1277 -0.2032
v -0.6300 -0.1041 -0.2162
v -0.6300 -0.0793 -0.2265
v -0.6300 -0.0534 -0.2340
v -0.6300 -0.0269 -0.2385
v -0.6300 -0.0000 -0.2400
v -0.6300 0.0269 -0.2385
v -0.6300 0.0534 -0.2340
v -0.6300 0.0793 -0.2265
v -0.6300 0.1041 -0.2162
v -0.6300 0.1277 -0.2032
v -0.6300 0.1496 -0.1876
v -0.6300 0.1697 -0.1697
v -0.6300 0.1876 -0.1496
v -0.6300 0.2032 -0.1277
v -0.6300 0.2162 -0.1041
v -0.6300 0.2265 -0.0793
v -0.6300 0.2340 -0.0534
v -0.6300 0.2385 -0.0269
v -0.6300 0.2400 -0.0000
v -0.6200 0.2385 0.0269
v -0.6200 0.2400 0.0000
v -0.6200 0.2340 0.0534
v -0.6200 0.2265 0.0793
v -0.6200 0.2162 0.1041
v -0.6200 0.2032 0.1277
v -0.6200 0.1876 0.1496
v -0.6200 0.1697 0.1697
v -0.6200 0.1496 0.1876
v -0.6200 0.1277 0.2032
v -0.6200 0.1041 0.2162
v -0.6200 0.0793 0.2265
v -0.6200 0.0534 0.2340
v -0.6200 0.0269 0.2385
v -0.6200 0.0000 0.2400
v -0.6200 -0.0269 0.2385
v -0.6200 -0.0534 0.2340
v -0.6200 -0.0793 0.2265
v -0.6200 -0.1041 0.2162
v -0.6200 -0.1277 0.2032
v -0.6200 -0.1496 0.1876
v -0.6200 -0.1697 0.1697
v -0.6200 -0.1876 0.1496
v -0.6200 -0.2032 0.1277
v -0.6200 -0.2162 0.1041
v -0.6200 -0.2265 0.0793
v -0.6200 -0.2340 0.0534
v -0.6200 -0.2385 0.0269
v -0.6200 -0.2400 0.0000
v -0.6200 -0.2385 -0.0269
v -0.6200 -0.2340 -0.0534
v -0.6200 -0.2265 -0.0793
v -0.6200 -0.2162 -0.1041
v -0.6200 -0.2032 -0.1277
v -0.6200 -0.1876 -0.1496
v -0.6200 -0.1697 -0.1697
v -0.6200 -0.1496 -0.1876
v -0.6200 -0.1277 -0.2032
v -0.6200 -0.1041 -0.2162
v -0.6200 -0.0793 -0.2265
v -0.6200 -0.0534 -0.2340
v -0.6200 -0.0269 -0.2385
v -0.6200 -0.0000 -0.2400
v -0.6200 0.0269 -0.2385
v -0.6200 0.0534 -0.2340
v -0.6200 0.0793 -0.2265
v -0.6200 0.1041 -0.2162
v -0.6200 0.1277 -0.2032
v -0.6200 0.1496 -0.1876
v -0.6200 0.1697 -0.1697
v -0.6200 0.1876 -0.1496
v -0.6200 0.2032 -0.1277
v -0.6200 0.2162 -0.1041
v -0.6200 0.2265 -0.0793
v -0.6200 0.2340 -0.0534
v -0.6200 0.2385 -0.0269
v -0.6200 0.2400 -0.0000
v -0.6050 0.2524 0.0284
v -0.6050 0.2540 0.0000
v -0.6050 0.2476 0.0565
v -0.6050 0.2397 0.0839
v -0.6050 0.2288 0.1102
v -0.6050 0.2151 0.1351
v -0.6050 0.1986 0.1584
v -0.6050 0.1796 0.1796
v -0.6050 0.1584 0.1986
v -0.6050 0.1351 0.2151
v -0.6050 0.1102 0.2288
v -0.6050 0.0839 0.2397
v -0.6050 0.0565 0.2476
v -0.6050 0.0284 0.2524
v -0.6050 0.0000 0.2540
v -0.6050 -0.0284 0.2524
v -0.6050 -0.0565 0.2476
v -0.6050 -0.0839 0.2397
v -0.6050 -0.1102 0.2288
v -0.6050 -0.1351 0.2151
v -0.6050 -0.1584 0.1986
v -0.6050 -0.1796 0.1796
v -0.6050 -0.1986 0.1584
v -0.6050 -0.2151 0.1351
v -0.6050 -0.2288 0.1102
v -0.6050 -0.2397 0.0839
v -0.6050 -0.2476 0.0565
v -0.6050 -0.2524 0.0284
v -0.6050 -0.2540 0.0000
v -0.6050 -0.2524 -0.0284
v -0.6050 -0.2476 -0.0565
v -0.6050 -0.2397 -0.0839
v -0.6050 -0.2288 -0.1102
v -0.6050 -0.2151 -0.1351
v -0.6050 -0.1986 -0.1584
v -0.6050 -0.1796 -0.1796
v -0.6050 -0.1584 -0.1986
v -0.6050 -0.1351 -0.2151
v -0.6050 -0.1102 -0.2288
v -0.6050 -0.0839 -0.2397
v -0.6050 -0.0565 -0.2476
v -0.6050 -0.0284 -0.2524
v -0.6050 -0.0000 -0.2540
v -0.6050 0.0284 -0.2524
v -0.6050 0.0565 -0.2476
v -0.6050 0.0839 -0.2397
v -0.6050 0.1102 -0.2288
v -0.6050 0.1351 -0.2151
v -0.6050 0.1584 -0.1986
v -0.6050 0.1796 -0.1796
v -0.6050 0.1986 -0.1584
v -0.6050 0.2151 -0.1351
v -0.6050 0.2288 -0.1102
v -0.6050 0.2397 -0.0839
v -0.6050 0.2476 -0.0565
v -0.6050 0.2524 -0.0284
v -0.6050 0.2540 -0.0000
v -0.5450 0.2524 0.0284
v -0.5450 0.2540 0.0000
v -0.5450 0.2476 0.0565
v -0.5450 0.2397 0.0839
v -0.5450 0.2288 0.1102
v -0.5450 0.2151 0.1351
v -0.5450 0.1986 0.1584
v -0.5450 0.1796 0.1796
v -0.5450 0.1584 0.1986
v -0.5450 0.1351 0.2151
v -0.5450 0.1102 0.2288
v -0.5450 0.0839 0.2397
v -0.5450 0.0565 0.2476
v -0.5450 0.0284 0.2524
v -0.5450 0.0000 0.2540
v -0.5450 -0.0284 0.2524
v -0.5450 -0.0565 0.2476
v -0.5450 -0.0839 0.2397
v -0.5450 -0.1102 0.2288
v -0.5450 -0.1351 0.2151
v -0.5450 -0.1584 0.1986
v -0.5450 -0.1796 0.1796
v -0.5450 -0.1986 0.1584
v -0.5450 -0.2151 0.1351
v -0.5450 -0.2288 0.1102
v -0.5450 -0.2397 0.0839
v -0.5450 -0.2476 0.0565
v -0.5450 -0.2524 0.0284
v -0.5450 -0.2540 0.0000
v -0.5450 -0.2524 -0.0284
v -0.5450 -0.2476 -0.0565
v -0.5450 -0.2397 -0.0839
v -0.5450 -0.2288 -0.1102
v -0.5450 -0.2151 -0.1351
v -0.5450 -0.1986 -0.1584
v -0.5450 -0.1796 -0.1796
v -0.5450 -0.1584 -0.1986
v -0.5450 -0.1351 -0.2151
v -0.5450 -0.1102 -0.2288
v -0.5450 -0.0839 -0.2397
v -0.5450 -0.0565 -0.2476
v -0.5450 -0.0284 -0.2524
v -0.5450 -0.0000 -0.2540
v -0.5450 0.0284 -0.2524
v -0.5450 0.0565 -0.2476
v -0.5450 0.0839 -0.2397
v -0.5450 0.1102 -0.2288
v -0.5450 0.1351 -0.2151
v -0.5450 0.1584 -0.1986
v -0.5450 0.1796 -0.1796
v -0.5450 0.1986 -0.1584
v -0.5450 0.2151 -0.1351
v -0.5450 0.2288 -0.1102
v -0.5450 0.2397 -0.0839
v -0.5450 0.2476 -0.0565
v -0.5450 0.2524 -0.0284
v -0.5450 0.2540 -0.0000
v -0.5300 0.2385 0.0269
v -0.5300 0.2400 0.0000
v -0.5300 0.2340 0.0534
v -0.5300 0.2265 0.0793
v -0.5300 0.2162 0.1041
v -0.5300 0.2032 0.1277
v -0.5300 0.1876 0.1496
v -0.5300 0.1697 0.1697
v -0.5300 0.1496 0.1876
v -0.5300 0.1277 0.2032
v -0.5300 0.1041 0.2162
v -0.5300 0.0793 0.2265
v -0.5300 0.0534 0.2340
v -0.5300 0.0269 0.2385
v -0.5300 0.0000 0.2400
v -0.5300 -0.0269 0.2385
v -0.5300 -0.0534 0.2340
v -0.5300 -0.0793 0.2265
v -0.5300 -0.1041 0.2162
v -0.5300 -0.1277 0.2032
v -0.5300 -0.1496 0.1876
v -0.5300 -0.1697 0.1697
v -0.5300 -0.1876 0.1496
v -0.5300 -0.2032 0.1277
v -0.5300 -0.2162 0.1041
v -0.5300 -0.2265 0.0793
v -0.5300 -0.2340 0.0534
v -0.5300 -0.2385 0.0269
v -0.5300 -0.2400 0.0000
v -0.5300 -0.2385 -0.0269
v -0.5300 -0.2340 -0.0534
v -0.5300 -0.2265 -0.0793
v -0.5300 -0.2162 -0.1041
v -0.5300 -0.2032 -0.1277
v -0.5300 -0.1876 -0.1496
v -0.5300 -0.1697 -0.1697
v -0.5300 -0.1496 -0.1876
v -0.5300 -0.1277 -0.2032
v -0.5300 -0.1041 -0.2162
v -0.5300 -0.0793 -0.2265
v -0.5300 -0.0534 -0.2340
v -0.5300 -0.0269 -0.2385
v -0.5300 -0.0000 -0.2400
v -0.5300 0.0269 -0.2385
v -0.5300 0.0534 -0.2340
v -0.5300 0.0793 -0.2265
v -0.5300 0.1041 -0.2162
v -0.5300 0.1277 -0.2032
v -0.5300 0.1496 -0.1876
v -0.5300 0.1697 -0.1697
v -0.5300 0.1876 -0.1496
v -0.5300 0.2032 -0.1277
v -0.5300 0.2162 -0.1041
v -0.5300 0.2265 -0.0793
v -0.5300 0.2340 -0.0534
v -0.5300 0.2385 -0.0269
v -0.5300 0.2400 -0.0000
v -0.5200 0.2385 0.0269
v -0.5200 0.2400 0.0000
v -0.5200 0.2340 0.0534
v -0.5200 0.2265 0.0793
v -0.5200 0.2162 0.1041
v -0.5200 0.2032 0.1277
v -0.5200 0.1876 0.1496
v -0.5200 0.1697 0.1697
v -0.5200 0.1496 0.1876
v -0.5200 0.1277 0.2032
v -0.5200 0.1041 0.2162
v -0.5200 0.0793 0.2265
v -0.5200 0.0534 0.2340
v -0.5200 0.0269 0.2385
v -0.5200 0.0000 0.2400
v -0.5200 -0.0269 0.2385
v -0.5200 -0.0534 0.2340
v -0.5200 -0.0793 0.2265
v -0.5200 -0.1041 0.2162
v -0.5200 -0.1277 0.2032
v -0.5200 -0.1496 0.1876
v -0.5200 -0.1697 0.1697
v -0.5200 -0.1876 0.1496
v -0.5200 -0.2032 0.1277
v -0.5200 -0.2162 0.1041
v -0.5200 -0.2265 0.0793
v -0.5200 -0.2340 0.0534
v -0.5200 -0.2385 0.0269
v -0.5200 -0.2400 0.0000
v -0.5200 -0.2385 -0.0269
v -0.5200 -0.2340 -0.0534
v -0.5200 -0.2265 -0.0793
v -0.5200 -0.2162 -0.1041
v -0.5200 -0.2032 -0.1277
v -0.5200 -0.1876 -0.1496
v -0.5200 -0.1697 -0.1697
v -0.5200 -0.1496 -0.1876
v -0.5200 -0.1277 -0.2032
v -0.5200 -0.1041 -0.2162
v -0.5200 -0.0793 -0.2265
v -0.5200 -0.0534 -0.2340
v -0.5200 -0.0269 -0.2385
v -0.5200 -0.0000 -0.2400
v -0.5200 0.0269 -0.2385
v -0.5200 0.0534 -0.2340
v -0.5200 0.0793 -0.2265
v -0.5200 0.1041 -0.2162
v -0.5200 0.1277 -0.2032
v -0.5200 0.1496 -0.1876
v -0.5200 0.1697 -0.1697
v -0.5200 0.1876 -0.1496
v -0.5200 0.2032 -0.1277
v -0.5200 0.2162 -0.1041
v -0.5200 0.2265 -0.0793
v -0.5200 0.2340 -0.0534
v -0.5200 0.2385 -0.0269
v -0.5200 0.2400 -0.0000
v -0.5050 0.2524 0.0284
v -0.5050 0.2540 0.0000
v -0.5050 0.2476 0.0565
v -0.5050 0.2397 0.0839
v -0.5050 0.2288 0.1102
v -0.5050 0.2151 0.1351
v -0.5050 0.1986 0.1584
v -0.5050 0.1796 0.1796
v -0.5050 0.1584 0.1986
v -0.5050 0.1351 0.2151
v -0.5050 0.1102 0.2288
v -0.5050 0.0839 0.2397
v -0.5050 0.0565 0.2476
v -0.5050 0.0284 0.2524
v -0.5050 0.0000 0.2540
v -0.5050 -0.0284 0.2524
v -0.5050 -0.0565 0.2476
v -0.5050 -0.0839 0.2397
v -0.5050 -0.1102 0.2288
v -0.5050 -0.1351 0.2151
v -0.5050 -0.1584 0.1986
v -0.5050 -0.1796 0.1796
v -0.5050 -0.1986 0.1584
v -0.5050 -0.2151 0.1351
v -0.5050 -0.2288 0.1102
v -0.5050 -0.2397 0.0839
v -0.5050 -0.2476 0.0565
v -0.5050 -0.2524 0.0284
v -0.5050 -0.2540 0.0000
v -0.5050 -0.2524 -0.0284
v -0.5050 -0.2476 -0.0565
v -0.5050 -0.2397 -0.0839
v -0.5050 -0.2288 -0.1102
v -0.5050 -0.2151 -0.1351
v -0.5050 -0.1986 -0.1584
v -0.5050 -0.1796 -0.1796
v -0.5050 -0.1584 -0.1986
v -0.5050 -0.1351 -0.2151
v -0.5050 -0.1102 -0.2288
v -0.5050 -0.0839 -0.2397
v -0.5050 -0.0565 -0.2476
v -0.5050 -0.0284 -0.2524
v -0.5050 -0.0000 -0.2540
v -0.5050 0.0284 -0.2524
v -0.5050 0.0565 -0.2476
v -0.5050 0.0839 -0.2397
v -0.5050 0.1102 -0.2288
v -0.5050 0.1351 -0.2151
v -0.5050 0.1584 -0.1986
v -0.5050 0.1796 -0.1796
v -0.5050 0.1986 -0.1584
v -0.5050 0.2151 -0.1351
v -0.5050 0.2288 -0.1102
v -0.5050 0.2397 -0.0839
v -0.5050 0.2476 -0.0565
v -0.5050 0.2524 -0.0284
v -0.5050 0.2540 -0.0000
v -0.4450 0.2524 0.0284
v -0.4450 0.2540 0.0000
v -0.4450 0.2476 0.0565
v -0.4450 0.2397 0.0839
v -0.4450 0.2288 0.1102
v -0.4450 0.2151 0.1351
v -0.4450 0.1986 0.1584
v -0.4450 0.1796 0.1796
v -0.4450 0.1584 0.1986
v -0.4450 0.1351 0.2151
v -0.4450 0.1102 0.2288
v -0.4450 0.0839 0.2397
v -0.4450 0.0565 0.2476
v -0.4450 0.0284 0.2524
v -0.4450 0.0000 0.2540
v -0.4450 -0.0284 0.2524
v -0.4450 -0.0565 0.2476
v -0.4450 -0.0839 0.2397
v -0.4450 -0.1102 0.2288
v -0.4450 -0.1351 0.2151
v -0.4450 -0.1584 0.1986
v -0.4450 -0.1796 0.1796
v -0.4450 -0.1986 0.1584
v -0.4450 -0.2151 0.1351
v -0.4450 -0.2288 0.1102
v -0.4450 -0.2397 0.0839
v -0.4450 -0.2476 0.0565
v -0.4450 -0.2524 0.0284
v -0.4450 -0.2540 0.0000
v -0.4450 -0.2524 -0.0284
v -0.4450 -0.2476 -0.0565
v -0.4450 -0.2397 -0.0839
v -0.4450 -0.2288 -0.1102
v -0.4450 -0.2151 -0.1351
v -0.4450 -0.1986 -0.1584
v -0.4450 -0.1796 -0.1796
v -0.4450 -0.1584 -0.1986
v -0.4450 -0.1351 -0.2151
v -0.4450 -0.1102 -0.2288
v -0.4450 -0.0839 -0.2397
v -0.4450 -0.0565 -0.2476
v -0.4450 -0.0284 -0.2524
v -0.4450 -0.0000 -0.2540
v -0.4450 0.0284 -0.2524
v -0.4450 0.0565 -0.2476
v -0.4450 0.0839 -0.2397
v -0.4450 0.1102 -0.2288
v -0.4450 0.1351 -0.2151
v -0.4450 0.1584 -0.1986
v -0.4450 0.1796 -0.1796
v -0.4450 0.1986 -0.1584
v -0.4450 0.2151 -0.1351
v -0.4450 0.2288 -0.1102
v -0.4450 0.2397 -0.0839
v -0.4450 0.2476 -0.0565
v -0.4450 0.2524 -0.0284
v -0.4450 0.2540 -0.0000
v -0.4300 0.2385 0.0269
v -0.4300 0.2400 0.0000
v -0.4300 0.2340 0.0534
v -0.4300 0.2265 0.0793
v -0.4300 0.2162 0.1041
v -0.4300 0.2032 0.1277
v -0.4300 0.1876 0.1496
v -0.4300 0.1697 0.1697
v -0.4300 0.1496 0.1876
v -0.4300 0.1277 0.2032
v -0.4300 0.1041 0.2162
v -0.4300 0.0793 0.2265
v -0.4300 0.0534 0.2340
v -0.4300 0.0269 0.2385
v -0.4300 0.0000 0.2400
v -0.4300 -0.0269 0.2385
v -0.4300 -0.0534 0.2340
v -0.4300 -0.0793 0.2265
v -0.4300 -0.1041 0.2162
v -0.4300 -0.1277 0.2032
v -0.4300 -0.1496 0.1876
v -0.4300 -0.1697 0.1697
v -0.4300 -0.1876 0.1496
v -0.4300 -0.2032 0.1277
v -0.4300 -0.2162 0.1041
v -0.4300 -0.2265 0.0793
v -0.4300 -0.2340 0.0534
v -0.4300 -0.2385 0.0269
v -0.4300 -0.2400 0.0000
v -0.4300 -0.2385 -0.0269
v -0.4300 -0.2340 -0.0534
v -0.4300 -0.2265 -0.0793
v -0.4300 -0.2162 -0.1041
v -0.4300 -0.2032 -0.1277
v -0.4300 -0.1876 -0.1496
v -0.4300 -0.1697 -0.1697
v -0.4300 -0.1496 -0.1876
v -0.4300 -0.1277 -0.2032
v -0.4300 -0.1041 -0.2162
v -0.4300 -0.0793 -0.2265
v -0.4300 -0.0534 -0.2340
v -0.4300 -0.0269 -0.2385
v -0.4300 -0.0000 -0.2400
v -0.4300 0.0269 -0.2385
v -0.4300 0.0534 -0.2340
v -0.4300 0.0793 -0.2265
v -0.4300 0.1041 -0.2162
v -0.4300 0.1277 -0.2032
v -0.4300 0.1496 -0.1876
v -0.4300 0.1697 -0.1697
v -0.4300 0.1876 -0.1496
v -0.4300 0.2032 -0.1277
v -0.4300 0.2162 -0.1041
v -0.4300 0.2265 -0.0793
v -0.4300 0.2340 -0.0534
v -0.4300 0.2385 -0.0269
v -0.4300 0.2400 -0.0000
v -0.4200 0.2385 0.0269
v -0.4200 0.2400 0.0000
v -0.4200 0.2340 0.0534
v -0.4200 0.2265 0.0793
v -0.4200 0.2162 0.1041
v -0.4200 0.2032 0.1277
v -0.4200 0.1876 0.1496
v -0.4200 0.1697 0.1697
v -0.4200 0.1496 0.1876
v -0.4200 0.1277 0.2032
v -0.4200 0.1041 0.2162
v -0.4200 0.0793 0.2265
v -0.4200 0.0534 0.2340
v -0.4200 0.0269 0.2385
v -0.4200 0.0000 0.2400
v -0.4200 -0.0269 0.2385
v -0.4200 -0.0534 0.2340
v -0.4200 -0.0793 0.2265
v -0.4200 -0.1041 0.2162
v -0.4200 -0.1277 0.2032
v -0.4200 -0.1496 0.1876
v -0.4200 -0.1697 0.1697
v -0.4200 -0.1876 0.1496
v -0.4200 -0.2032 0.1277
v -0.4200 -0.2162 0.1041
v -0.4200 -0.2265 0.0793
v -0.4200 -0.2340 0.0534
v -0.4200 -0.2385 0.0269
v -0.4200 -0.2400 0.0000
v -0.4200 -0.2385 -0.0269
v -0.4200 -0.2340 -0.0534
v -0.4200 -0.2265 -0.0793
v -0.4200 -0.2162 -0.1041
v -0.4200 -0.2032 -0.1277
v -0.4200 -0.1876 -0.1496
v -0.4200 -0.1697 -0.1697
v -0.4200 -0.1496 -0.1876
v -0.4200 -0.1277 -0.2032
v -0.4200 -0.1041 -0.2162
v -0.4200 -0.0793 -0.2265
v -0.4200 -0.0534 -0.2340
v -0.4200 -0.0269 -0.2385
v -0.4200 -0.0000 -0.2400
v -0.4200 0.0269 -0.2385
v -0.4200 0.0534 -0.2340
v -0.4200 0.0793 -0.2265
v -0.4200 0.1041 -0.2162
v -0.4200 0.1277 -0.2032
v -0.4200 0.1496 -0.1876
v -0.4200 0.1697 -0.1697
v -0.4200 0.1876 -0.1496
v -0.4200 0.2032 -0.1277
v -0.4200 0.2162 -0.1041
v -0.4200 0.2265 -0.0793
v -0.4200 0.2340 -0.0534
v -0.4200 0.2385 -0.0269
v -0.4200 0.2400 -0.0000
v -0.4050 0.2524 0.0284
v -0.4050 0.2540 0.0000
v -0.4050 0.2476 0.0565
v -0.4050 0.2397 0.0839
v -0.4050 0.2288 0.1102
v -0.4050 0.2151 0.1351
v -0.4050 0.1986 0.1584
v -0.4050 0.1796 0.1796
v -0.4050 0.1584 0.1986
v -0.4050 0.1351 0.2151
v -0.4050 0.1102 0.2288
v -0.4050 0.0839 0.2397
v -0.4050 0.0565 0.2476
v -0.4050 0.0284 0.2524
v -0.4050 0.0000 0.2540
v -0.4050 -0.0284 0.2524
v -0.4050 -0.0565 0.2476
v -0.4050 -0.0839 0.2397
v -0.4050 -0.1102 0.2288
v -0.4050 -0.1351 0.2151
v -0.4050 -0.1584 0.1986
v -0.4050 -0.1796 0.1796
v -0.4050 -0.1986 0.1584
v -0.4050 -0.2151 0.1351
v -0.4050 -0.2288 0.1102
v -0.4050 -0.2397 0.0839
v -0.4050 -0.2476 0.0565
v -0.4050 -0.2524 0.0284
v -0.4050 -0.2540 0.0000
v -0.4050 -0.2524 -0.0284
v -0.4050 -0.2476 -0.0565
v -0.4050 -0.2397 -0.0839
v -0.4050 -0.2288 -0.1102
v -0.4050 -0.2151 -0.1351
v -0.4050 -0.1986 -0.1584
v -0.4050 -0.1796 -0.1796
v -0.4050 -0.1584 -0.1986
v -0.4050 -0.1351 -0.2151
v -0.4050 -0.1102 -0.2288
v -0.4050 -0.0839 -0.2397
v -0.4050 -0.0565 -0.2476
v -0.4050 -0.0284 -0.2524
v -0.4050 -0.0000 -0.2540
v -0.4050 0.0284 -0.2524
v -0.4050 0.0565 -0.2476
v -0.4050 0.0839 -0.2397
v -0.4050 0.1102 -0.2288
v -0.4050 0.1351 -0.2151
v -0.4050 0.1584 -0.1986
v -0.4050 0.1796 -0.1796
v -0.4050 0.1986 -0.1584
v -0.4050 0.2151 -0.1351
v -0.4050 0.2288 -0.1102
v -0.4050 0.2397 -0.0839
v -0.4050 0.2476 -0.0565
v -0.4050 0.2524 -0.0284
v -0.4050 0.2540 -0.0000
v -0.3450 0.2524 0.0284
v -0.3450 0.2540 0.0000
v -0.3450 0.2476 0.0565
v -0.3450 0.2397 0.0839
v -0.3450 0.2288 0.1102
v -0.3450 0.2151 0.1351
v -0.3450 0.1986 0.1584
v -0.3450 0.1796 0.1796
v -0.3450 0.1584 0.1986
v -0.3450 0.1351 0.2151
v -0.3450 0.1102 0.2288
v -0.3450 0.0839 0.2397
v -0.3450 0.0565 0.2476
v -0.3450 0.0284 0.2524
v -0.3450 0.0000 0.2540
v -0.3450 -0.0284 0.2524
v -0.3450 -0.0565 0.2476
v -0.3450 -0.0839 0.2397
v -0.3450 -0.1102 0.2288
v -0.3450 -0.1351 0.2151
v -0.3450 -0.1584 0.1986
v -0.3450 -0.1796 0.1796
v -0.3450 -0.1986 0.1584
v -0.3450 -0.2151 0.1351
v -0.3450 -0.2288 0.1102
v -0.3450 -0.2397 0.0839
v -0.3450 -0.2476 0.0565
v -0.3450 -0.2524 0.0284
v -0.3450 -0.2540 0.0000
v -0.3450 -0.2524 -0.0284
v -0.3450 -0.2476 -0.0565
v -0.3450 -0.2397 -0.0839
v -0.3450 -0.2288 -0.1102
v -0.3450 -0.2151 -0.1351
v -0.3450 -0.1986 -0.1584
v -0.3450 -0.1796 -0.1796
v -0.3450 -0.1584 -0.1986
v -0.3450 -0.1351 -0.2151
v -0.3450 -0.1102 -0.2288
v -0.3450 -0.0839 -0.2397
v -0.3450 -0.0565 -0.2476
v -0.3450 -0.0284 -0.2524
v -0.3450 -0.0000 -0.2540
v -0.3450 0.0284 -0.2524
v -0.3450 0.0565 -0.2476
v -0.3450 0.0839 -0.2397
v -0.3450 0.1102 -0.2288
v -0.3450 0.1351 -0.2151
v -0.3450 0.1584 -0.1986
v -0.3450 0.1796 -0.1796
v -0.3450 0.1986 -0.1584
v -0.3450 0.2151 -0.1351
v -0.3450 0.2288 -0.1102
v -0.3450 0.2397 -0.0839
v -0.3450 0.2476 -0.0565
v -0.3450 0.2524 -0.0284
v -0.3450 0.2540 -0.0000
v -0.3300 0.2385 0.0269
v -0.3300 0.2400 0.0000
v -0.3300 0.2340 0.0534
v -0.3300 0.2265 0.0793
v -0.3300 0.2162 0.1041
v -0.3300 0.2032 0.1277
v -0.3300 0.1876 0.1496
v -0.3300 0.1697 0.1697
v -0.3300 0.1496 0.1876
v -0.3300 0.1277 0.2032
v -0.3300 0.1041 0.2162
v -0.3300 0.0793 0.2265
v -0.3300 0.0534 0.2340
v -0.3300 0.0269 0.2385
v -0.3300 0.0000 0.2400
v -0.3300 -0.0269 0.2385
v -0.3300 -0.0534 0.2340
v -0.3300 -0.0793 0.2265
v -0.3300 -0.1041 0.2162
v -0.3300 -0.1277 0.2032
v -0.3300 -0.1496 0.1876
v -0.3300 -0.1697 0.1697
v -0.3300 -0.1876 0.1496
v -0.3300 -0.2032 0.1277
v -0.3300 -0.2162 0.1041
v -0.3300 -0.2265 0.0793
v -0.3300 -0.2340 0.0534
v -0.3300 -0.2385 0.0269
v -0.3300 -0.2400 0.0000
v -0.3300 -0.2385 -0.0269
v -0.3300 -0.2340 -0.0534
v -0.3300 -0.2265 -0.0793
v -0.3300 -0.2162 -0.1041
v -0.3300 -0.2032 -0.1277
v -0.3300 -0.1876 -0.1496
v -0.3300 -0.1697 -0.1697
v -0.3300 -0.1496 -0.1876
v -0.3300 -0.1277 -0.2032
v -0.3300 -0.1041 -0.2162
v -0.3300 -0.0793 -0.2265
v -0.3300 -0.0534 -0.2340
v -0.3300 -0.0269 -0.2385
v -0.3300 -0.0000 -0.2400
v -0.3300 0.0269 -0.2385
v -0.3300 0.0534 -0.2340
v -0.3300 0.0793 -0.2265
v -0.3300 0.1041 -0.2162
v -0.3300 0.1277 -0.2032
v -0.3300 0.1496 -0.1876
v -0.3300 0.1697 -0.1697
v -0.3300 0.1876 -0.1496
v -0.3300 0.2032 -0.1277
v -0.3300 0.2162 -0.1041
v -0.3300 0.2265 -0.0793
v -0.3300 0.2340 -0.0534
v -0.3300 0.2385 -0.0269
v -0.3300 0.2400 -0.0000
v -0.3200 0.2385 0.0269
v -0.3200 0.2400 0.0000
v -0.3200 0.2340 0.0534
v -0.3200 0.2265 0.0793
v -0.3200 0.2162 0.1041
v -0.3200 0.2032 0.1277
v -0.3200 0.1876 0.1496
v -0.3200 0.1697 0.1697
v -0.3200 0.1496 0.1876
v -0.3200 0.1277 0.2032
v -0.3200 0.1041 0.2162
v -0.3200 0.0793 0.2265
v -0.3200 0.0534 0.2340
v -0.3200 0.0269 0.2385
v -0.3200 0.0000 0.2400
v -0.3200 -0.0269 0.2385
v -0.3200 -0.0534 0.2340
v -0.3200 -0.0793 0.2265
v -0.3200 -0.1041 0.2162
v -0.3200 -0.1277 0.2032
v -0.3200 -0.1496 0.1876
v -0.3200 -0.1697 0.1697
v -0.3200 -0.1876 0.1496
v -0.3200 -0.2032 0.1277
v -0.3200 -0.2162 0.1041
v -0.3200 -0.2265 0.0793
v -0.3200 -0.2340 0.0534
v -0.3200 -0.2385 0.0269
v -0.3200 -0.2400 0.0000
v -0.3200 -0.2385 -0.0269
v -0.3200 -0.2340 -0.0534
v -0.3200 -0.2265 -0.0793
v -0.3200 -0.2162 -0.1041
v -0.3200 -0.2032 -0.1277
v -0.3200 -0.1876 -0.1496
v -0.3200 -0.1697 -0.1697
v -0.3200 -0.1496 -0.1876
v -0.3200 -0.1277 -0.2032
v -0.3200 -0.1041 -0.2162
v -0.3200 -0.0793 -0.2265
v -0.3200 -0.0534 -0.2340
v -0.3200 -0.0269 -0.2385
v -0.3200 -0.0000 -0.2400
v -0.3200 0.0269 -0.2385
v -0.3200 0.0534 -0.2340
v -0.3200 0.0793 -0.2265
v -0.3200 0.1041 -0.2162
v -0.3200 0.1277 -0.2032
v -0.3200 0.1496 -0.1876
v -0.3200 0.1697 -0.1697
v -0.3200 0.1876 -0.1496
v -0.3200 0.2032 -0.1277
v -0.3200 0.2162 -0.1041
v -0.3200 0.2265 -0.0793
v -0.3200 0.2340 -0.0534
v -0.3200 0.2385 -0.0269
v -0.3200 0.2400 -0.0000
v -0.3050 0.2524 0.0284
v -0.3050 0.2540 0.0000
v -0.3050 0.2476 0.0565
v -0.3050 0.2397 0.0839
v -0.3050 0.2288 0.1102
v -0.3050 0.2151 0.1351
v -0.3050 0.1986 0.1584
v -0.3050 0.1796 0.1796
v -0.3050 0.1584 0.1986
v -0.3050 0.1351 0.2151
v -0.3050 0.1102 0.2288
v -0.3050 0.0839 0.2397
v -0.3050 0.0565 0.2476
v -0.3050 0.0284 0.2524
v -0.3050 0.0000 0.2540
v -0.3050 -0.0284 0.2524
v -0.3050 -0.0565 0.2476
v -0.3050 -0.0839 0.2397
v -0.3050 -0.1102 0.2288
v -0.3050 -0.1351 0.2151
v -0.3050 -0.1584 0.1986
v -0.3050 -0.1796 0.1796
v -0.3050 -0.1986 0.1584
v -0.3050 -0.2151 0.1351
v -0.3050 -0.2288 0.1102
v -0.3050 -0.2397 0.0839
v -0.3050 -0.2476 0.0565
v -0.3050 -0.2524 0.0284
v -0.3050 -0.2540 0.0000
v -0.3050 -0.2524 -0.0284
v -0.3050 -0.2476 -0.0565
v -0.3050 -0.2397 -0.0839
v -0.3050 -0.2288 -0.1102
v -0.3050 -0.2151 -0.1351
v -0.3050 -0.1986 -0.1584
v -0.3050 -0.1796 -0.1796
v -0.3050 -0.1584 -0.1986
v -0.3050 -0.1351 -0.2151
v -0.3050 -0.1102 -0.2288
v -0.3050 -0.0839 -0.2397
v -0.3050 -0.0565 -0.2476
v -0.3050 -0.0284 -0.2524
v -0.3050 -0.0000 -0.2540
v -0.3050 0.0284 -0.2524
v -0.3050 0.0565 -0.2476
v -0.3050 0.0839 -0.2397
v -0.3050 0.1102 -0.2288
v -0.3050 0.1351 -0.2151
v -0.3050 0.1584 -0.1986
v -0.3050 0.1796 -0.1796
v -0.3050 0.1986 -0.1584
v -0.3050 0.2151 -0.1351
v -0.3050 0.2288 -0.1102
v -0.3050 0.2397 -0.0839
v -0.3050 0.2476 -0.0565
v -0.3050 0.2524 -0.0284
v -0.3050 0.2540 -0.0000
v -0.2450 0.2524 0.0284
v -0.2450 0.2540 0.0000
v -0.2450 0.2476 0.0565
v -0.2450 0.2397 0.0839
v -0.2450 0.2288 0.1102
v -0.2450 0.2151 0.1351
v -0.2450 0.1986 0.1584
v -0.2450 0.1796 0.1796
v -0.2450 0.1584 0.1986
v -0.2450 0.1351 0.2151
v -0.2450 0.1102 0.2288
v -0.2450 0.0839 0.2397
v -0.2450 0.0565 0.2476
v -0.2450 0.0284 0.2524
v -0.2450 0.0000 0.2540
v -0.2450 -0.0284 0.2524
v -0.2450 -0.0565 0.2476
v -0.2450 -0.0839 0.2397
v -0.2450 -0.1102 0.2288
v -0.2450 -0.1351 0.2151
v -0.2450 -0.1584 0.1986
v -0.2450 -0.1796 0.1796
v -0.2450 -0.1986 0.1584
v -0.2450 -0.2151 0.1351
v -0.2450 -0.2288 0.1102
v -0.2450 -0.2397 0.0839
v -0.2450 -0.2476 0.0565
v -0.2450 -0.2524 0.0284
v -0.2450 -0.2540 0.0000
v -0.2450 -0.2524 -0.0284
v -0.2450 -0.2476 -0.0565
v -0.2450 -0.2397 -0.0839
v -0.2450 -0.2288 -0.1102
v -0.2450 -0.2151 -0.1351
v -0.2450 -0.1986 -0.1584
v -0.2450 -0.1796 -0.1796
v -0.2450 -0.1584 -0.1986
v -0.2450 -0.1351 -0.2151
v -0.2450 -0.1102 -0.2288
v -0.2450 -0.0839 -0.2397
v -0.2450 -0.0565 -0.2476
v -0.2450 -0.0284 -0.2524
v -0.2450 -0.0000 -0.2540
v -0.2450 0.0284 -0.2524
v -0.2450 0.0565 -0.2476
v -0.2450 0.0839 -0.2397
v -0.2450 0.1102 -0.2288
v -0.2450 0.1351 -0.2151
v -0.2450 0.1584 -0.1986
v -0.2450 0.1796 -0.1796
v -0.2450 0.1986 -0.1584
v -0.2450 0.2151 -0.1351
v -0.2450 0.2288 -0.1102
v -0.2450 0.2397 -0.0839
v -0.2450 0.2476 -0.0565
v -0.2450 0.2524 -0.0284
v -0.2450 0.2540 -0.0000
v -0.2300 0.2385 0.0269
v -0.2300 0.2400 0.0000
v -0.2300 0.2340 0.0534
v -0.2300 0.2265 0.0793
v -0.2300 0.2162 0.1041
v -0.2300 0.2032 0.1277
v -0.2300 0.1876 0.1496
v -0.2300 0.1697 0.1697
v -0.2300 0.1496 0.1876
v -0.2300 0.1277 0.2032
v -0.2300 0.1041 0.2162
v -0.2300 0.0793 0.2265
v -0.2300 0.0534 0.2340
v -0.2300 0.0269 0.2385
v -0.2300 0.0000 0.2400
v -0.2300 -0.0269 0.2385
v -0.2300 -0.0534 0.2340
v -0.2300 -0.0793 0.2265
v -0.2300 -0.1041 0.2162
v -0.2300 -0.1277 0.2032
v -0.2300 -0.1496 0.1876
v -0.2300 -0.1697 0.1697
v -0.2300 -0.1876 0.1496
v -0.2300 -0.2032 0.1277
v -0.2300 -0.2162 0.1041
v -0.2300 -0.2265 0.0793
v -0.2300 -0.2340 0.0534
v -0.2300 -0.2385 0.0269
v -0.2300 -0.2400 0.0000
v -0.2300 -0.2385 -0.0269
v -0.2300 -0.2340 -0.0534
v -0.2300 -0.2265 -0.0793
v -0.2300 -0.2162 -0.1041
v -0.2300 -0.2032 -0.1277
v -0.2300 -0.1876 -0.1496
v -0.2300 -0.1697 -0.1697
v -0.2300 -0.1496 -0.1876
v -0.2300 -0.1277 -0.2032
v -0.2300 -0.1041 -0.2162
v -0.2300 -0.0793 -0.2265
v -0.2300 -0.0534 -0.2340
v -0.2300 -0.0269 -0.2385
v -0.2300 -0.0000 -0.2400
v -0.2300 0.0269 -0.2385
v -0.2300 0.0534 -0.2340
v -0.2300 0.0793 -0.2265
v -0.2300 0.1041 -0.2162
v -0.2300 0.1277 -0.2032
v -0.2300 0.1496 -0.1876
v -0.2300 0.1697 -0.1697
v -0.2300 0.1876 -0.1496
v -0.2300 0.2032 -0.1277
v -0.2300 0.2162 -0.1041
v -0.2300 0.2265 -0.0793
v -0.2300 0.2340 -0.0534
v -0.2300 0.2385 -0.0269
v -0.2300 0.2400 -0.0000
v -0.2200 0.2385 0.0269
v -0.2200 0.2400 0.0000
v -0.2200 0.2340 0.0534
v -0.2200 0.2265 0.0793
v -0.2200 0.2162 0.1041
v -0.2200 0.2032 0.1277
v -0.2200 0.1876 0.1496
v -0.2200 0.1697 0.1697
v -0.2200 0.1496 0.1876
v -0.2200 0.1277 0.2032
v -0.2200 0.1041 0.2162
v -0.2200 0.0793 0.2265
v -0.2200 0.0534 0.2340
v -0.2200 0.0269 0.2385
v -0.2200 0.0000 0.2400
v -0.2200 -0.0269 0.2385
v -0.2200 -0.0534 0.2340
v -0.2200 -0.0793 0.2265
v -0.2200 -0.1041 0.2162
v -0.2200 -0.1277 0.2032
v -0.2200 -0.1496 0.1876
v -0.2200 -0.1697 0.1697
v -0.2200 -0.1876 0.1496
v -0.2200 -0.2032 0.1277
v -0.2200 -0.2162 0.1041
v -0.2200 -0.2265 0.0793
v -0.2200 -0.2340 0.0534
v -0.2200 -0.2385 0.0269
v -0.2200 -0.2400 0.0000
v -0.2200 -0.2385 -0.0269
v -0.2200 -0.2340 -0.0534
v -0.2200 -0.2265 -0.0793
v -0.2200 -0.2162 -0.1041
v -0.2200 -0.2032 -0.1277
v -0.2200 -0.1876 -0.1496
v -0.2200 -0.1697 -0.1697
v -0.2200 -0.1496 -0.1876
v -0.2200 -0.1277 -0.2032
v -0.2200 -0.1041 -0.2162
v -0.2200 -0.0793 -0.2265
v -0.2200 -0.0534 -0.2340
v -0.2200 -0.0269 -0.2385
v -0.2200 -0.0000 -0.2400
v -0.2200 0.0269 -0.2385
v -0.2200 0.0534 -0.2340
v -0.2200 0.0793 -0.2265
v -0.2200 0.1041 -0.2162
v -0.2200 0.1277 -0.2032
v -0.2200 0.1496 -0.1876
v -0.2200 0.1697 -0.1697
v -0.2200 0.1876 -0.1496
v -0.2200 0.2032 -0.1277
v -0.2200 0.2162 -0.1041
v -0.2200 0.2265 -0.0793
v -0.2200 0.2340 -0.0534
v -0.2200 0.2385 -0.0269
v -0.2200 0.2400 -0.0000
v -0.2050 0.2524 0.0284
v -0.2050 0.2540 0.0000
v -0.2050 0.2476 0.0565
v -0.2050 0.2397 0.0839
v -0.2050 0.2288 0.1102
v -0.2050 0.2151 0.1351
v -0.2050 0.1986 0.1584
v -0.2050 0.1796 0.1796
v -0.2050 0.1584 0.1986
v -0.2050 0.1351 0.2151
v -0.2050 0.1102 0.2288
v -0.2050 0.0839 0.2397
v -0.2050 0.0565 0.2476
v -0.2050 0.0284 0.2524
v -0.2050 0.0000 0.2540
v -0.2050 -0.0284 0.2524
v -0.2050 -0.0565 0.2476
v -0.2050 -0.0839 0.2397
v -0.2050 -0.1102 0.2288
v -0.2050 -0.1351 0.2151
v -0.2050 -0.1584 0.1986
v -0.2050 -0.1796 0.1796
v -0.2050 -0.1986 0.1584
v -0.2050 -0.2151 0.1351
v -0.2050 -0.2288 0.1102
v -0.2050 -0.2397 0.0839
v -0.2050 -0.2476 0.0565
v -0.2050 -0.2524 0.0284
v -0.2050 -0.2540 0.0000
v -0.2050 -0.2524 -0.0284
v -0.2050 -0.2476 -0.0565
v -0.2050 -0.2397 -0.0839
v -0.2050 -0.2288 -0.1102
v -0.2050 -0.2151 -0.1351
v -0.2050 -0.1986 -0.1584
v -0.2050 -0.1796 -0.1796
v -0.2050 -0.1584 -0.1986
v -0.2050 -0.1351 -0.2151
v -0.2050 -0.1102 -0.2288
v -0.2050 -0.0839 -0.2397
v -0.2050 -0.0565 -0.2476
v -0.2050 -0.0284 -0.2524
v -0.2050 -0.0000 -0.2540
v -0.2050 0.0284 -0.2524
v -0.2050 0.0565 -0.2476
v -0.2050 0.0839 -0.2397
v -0.2050 0.1102 -0.2288
v -0.2050 0.1351 -0.2151
v -0.2050 0.1584 -0.1986
v -0.2050 0.1796 -0.1796
v -0.2050 0.1986 -0.1584
v -0.2050 0.2151 -0.1351
v -0.2050 0.2288 -0.1102
v -0.2050 0.2397 -0.0839
v -0.2050 0.2476 -0.0565
v -0.2050 0.2524 -0.0284
v -0.2050 0.2540 -0.0000
v -0.1450 0.2524 0.0284
v -0.1450 0.2540 0.0000
v -0.1450 0.2476 0.0565
v -0.1450 0.2397 0.0839
v -0.1450 0.2288 0.1102
v -0.1450 0.2151 0.1351
v -0.1450 0.1986 0.1584
v -0.1450 0.1796 0.1796
v -0.1450 0.1584 0.1986
v -0.1450 0.1351 0.2151
v -0.1450 0.1102 0.2288
v -0.1450 0.0839 0.2397
v -0.1450 0.0565 0.2476
v -0.1450 0.0284 0.2524
v -0.1450 0.0000 0.2540
v -0.1450 -0.0284 0.2524
v -0.1450 -0.0565 0.2476
v -0.1450 -0.0839 0.2397
v -0.1450 -0.1102 0.2288
v -0.1450 -0.1351 0.2151
v -0.1450 -0.1584 0.1986
v -0.1450 -0.1796 0.1796
v -0.1450 -0.1986 0.1584
v -0.1450 -0.2151 0.1351
v -0.1450 -0.2288 0.1102
v -0.1450 -0.2397 0.0839
v -0.1450 -0.2476 0.0565
v -0.1450 -0.2524 0.0284
v -0.1450 -0.2540 0.0000
v -0.1450 -0.2524 -0.0284
v -0.1450 -0.2476 -0.0565
v -0.1450 -0.2397 -0.0839
v -0.1450 -0.2288 -0.1102
v -0.1450 -0.2151 -0.1351
v -0.1450 -0.1986 -0.1584
v -0.1450 -0.1796 -0.1796
v -0.1450 -0.1584 -0.1986
v -0.1450 -0.1351 -0.2151
v -0.1450 -0.1102 -0.2288
v -0.1450 -0.0839 -0.2397
v -0.1450 -0.0565 -0.2476
v -0.1450 -0.0284 -0.2524
v -0.1450 -0.0000 -0.2540
v -0.1450 0.0284 -0.2524
v -0.1450 0.0565 -0.2476
v -0.1450 0.0839 -0.2397
v -0.1450 0.1102 -0.2288
v -0.1450 0.1351 -0.2151
v -0.1450 0.1584 -0.1986
v -0.1450 0.1796 -0.1796
v -0.1450 0.1986 -0.1584
v -0.1450 0.2151 -0.1351
v -0.1450 0.2288 -0.1102
v -0.1450 0.2397 -0.0839
v -0.1450 0.2476 -0.0565
v -0.1450 0.2524 -0.0284
v -0.1450 0.2540 -0.0000
v -0.1300 0.2385 0.0269
v -0.1300 0.2400 0.0000
v -0.1300 0.2340 0.0534
v -0.1300 0.2265 0.0793
v -0.1300 0.2162 0.1041
v -0.1300 0.2032 0.1277
v -0.1300 0.1876 0.1496
v -0.1300 0.1697 0.1697
v -0.1300 0.1496 0.1876
v -0.1300 0.1277 0.2032
v -0.1300 0.1041 0.2162
v -0.1300 0.0793 0.2265
v -0.1300 0.0534 0.2340
v -0.1300 0.0269 0.2385
v -0.1300 0.0000 0.2400
v -0.1300 -0.0269 0.2385
v -0.1300 -0.0534 0.2340
v -0.1300 -0.0793 0.2265
v -0.1300 -0.1041 0.2162
v -0.1300 -0.1277 0.2032
v -0.1300 -0.1496 0.1876
v -0.1300 -0.1697 0.1697
v -0.1300 -0.1876 0.1496
v -0.1300 -0.2032 0.1277
v -0.1300 -0.2162 0.1041
v -0.1300 -0.2265 0.0793
v -0.1300 -0.2340 0.0534
v -0.1300 -0.2385 0.0269
v -0.1300 -0.2400 0.0000
v -0.1300 -0.2385 -0.0269
v -0.1300 -0.2340 -0.0534
v -0.1300 -0.2265 -0.0793
v -0.1300 -0.2162 -0.1041
v -0.1300 -0.2032 -0.1277
v -0.1300 -0.1876 -0.1496
v -0.1300 -0.1697 -0.1697
v -0.1300 -0.1496 -0.1876
v -0.1300 -0.1277 -0.2032
v -0.1300 -0.1041 -0.2162
v -0.1300 -0.0793 -0.2265
v -0.1300 -0.0534 -0.2340
v -0.1300 -0.0269 -0.2385
v -0.1300 -0.0000 -0.2400
v -0.1300 0.0269 -0.2385
v -0.1300 0.0534 -0.2340
v -0.1300 0.0793 -0.2265
v -0.1300 0.1041 -0.2162
v -0.1300 0.1277 -0.2032
v -0.1300 0.1496 -0.1876
v -0.1300 0.1697 -0.1697
v -0.1300 0.1876 -0.1496
v -0.1300 0.2032 -0.1277
v -0.1300 0.2162 -0.1041
v -0.1300 0.2265 -0.0793
v -0.1300 0.2340 -0.0534
v -0.1300 0.2385 -0.0269
v -0.1300 0.2400 -0.0000
v -0.1200 0.2385 0.0269
v -0.1200 0.2400 0.0000
v -0.1200 0.2340 0.0534
v -0.1200 0.2265 0.0793
v -0.1200 0.2162 0.1041
v -0.1200 0.2032 0.1277
v -0.1200 0.1876 0.1496
v -0.1200 0.1697 0.1697
v -0.1200 0.1496 0.1876
v -0.1200 0.1277 0.2032
v -0.1200 0.1041 0.2162
v -0.1200 0.0793 0.2265
v -0.1200 0.0534 0.2340
v -0.1200 0.0269 0.2385
v -0.1200 0.0000 0.2400
v -0.1200 -0.0269 0.2385
v -0.1200 -0.0534 0.2340
v -0.1200 -0.0793 0.2265
v -0.1200 -0.1041 0.2162
v -0.1200 -0.1277 0.2032
v -0.1200 -0.1496 0.1876
v -0.1200 -0.1697 0.1697
v -0.1200 -0.1876 0.1496
v -0.1200 -0.2032 0.1277
v -0.1200 -0.2162 0.1041
v -0.1200 -0.2265 0.0793
v -0.1200 -0.2340 0.0534
v -0.1200 -0.2385 0.0269
v -0.1200 -0.2400 0.0000
v -0.1200 -0.2385 -0.0269
v -0.1200 -0.2340 -0.0534
v -0.1200 -0.2265 -0.0793
v -0.1200 -0.2162 -0.1041
v -0.1200 -0.2032 -0.1277
v -0.1200 -0.1876 -0.1496
v -0.1200 -0.1697 -0.1697
v -0.1200 -0.1496 -0.1876
v -0.1200 -0.1277 -0.2032
v -0.1200 -0.1041 -0.2162
v -0.1200 -0.0793 -0.2265
v -0.1200 -0.0534 -0.2340
v -0.1200 -0.0269 -0.2385
v -0.1200 -0.0000 -0.2400
v -0.1200 0.0269 -0.2385
v -0.1200 0.0534 -0.2340
v -0.1200 0.0793 -0.2265
v -0.1200 0.1041 -0.2162
v -0.1200 0.1277 -0.2032
v -0.1200 0.1496 -0.1876
v -0.1200 0.1697 -0.1697
v -0.1200 0.1876 -0.1496
v -0.1200 0.2032 -0.1277
v -0.1200 0.2162 -0.1041
v -0.1200 0.2265 -0.0793
v -0.1200 0.2340 -0.0534
v -0.1200 0.2385 -0.0269
v -0.1200 0.2400 -0.0000
v 0.2000 0.2385 0.0269
v 0.2000 0.2400 0.0000
v 0.2000 0.2340 0.0534
v 0.2000 0.2265 0.0793
v 0.2000 0.2162 0.1041
v 0.2000 0.2032 0.1277
v 0.2000 0.1876 0.1496
v 0.2000 0.1697 0.1697
v 0.2000 0.1496 0.1876
v 0.2000 0.1277 0.2032
v 0.2000 0.1041 0.2162
v 0.2000 0.0793 0.2265
v 0.2000 0.0534 0.2340
v 0.2000 0.0269 0.2385
v 0.2000 0.0000 0.2400
v 0.2000 -0.0269 0.2385
v 0.2000 -0.0534 0.2340
v 0.2000 -0.0793 0.2265
v 0.2000 -0.1041 0.2162
v 0.2000 -0.1277 0.2032
v 0.2000 -0.1496 0.1876
v 0.2000 -0.1697 0.1697
v 0.2000 -0.1876 0.1496
v 0.2000 -0.2032 0.1277
v 0.2000 -0.2162 0.1041
v 0.2000 -0.2265 0.0793
v 0.2000 -0.2340 0.0534
v 0.2000 -0.2385 0.0269
v 0.2000 -0.2400 0.0000
v 0.2000 -0.2385 -0.0269
v 0.2000 -0.2340 -0.0534
v 0.2000 -0.2265 -0.0793
v 0.2000 -0.2162 -0.1041
v 0.2000 -0.2032 -0.1277
v 0.2000 -0.1876 -0.1496
v 0.2000 -0.1697 -0.1697
v 0.2000 -0.1496 -0.1876
v 0.2000 -0.1277 -0.2032
v 0.2000 -0.1041 -0.2162
v 0.2000 -0.0793 -0.2265
v 0.2000 -0.0534 -0.2340
v 0.2000 -0.0269 -0.2385
v 0.2000 -0.0000 -0.2400
v 0.2000 0.0269 -0.2385
v 0.2000 0.0534 -0.2340
v 0.2000 0.0793 -0.2265
v 0.2000 0.1041 -0.2162
v 0.2000 0.1277 -0.2032
v 0.2000 0.1496 -0.1876
v 0.2000 0.1697 -0.1697
v 0.2000 0.1876 -0.1496
v 0.2000 0.2032 -0.1277
v 0.2000 0.2162 -0.1041
v 0.2000 0.2265 -0.0793
v 0.2000 0.2340 -0.0534
v 0.2000 0.2385 -0.0269
v 0.2000 0.2400 -0.0000
v 0.2050 0.2544 0.0287
v 0.2050 0.2560 0.0000
v 0.2050 0.2496 0.0570
v 0.2050 0.2416 0.0846
v 0.2050 0.2306 0.1111
v 0.2050 0.2168 0.1362
v 0.2050 0.2001 0.1596
v 0.2050 0.1810 0.1810
v 0.2050 0.1596 0.2001
v 0.2050 0.1362 0.2168
v 0.2050 0.1111 0.2306
v 0.2050 0.0846 0.2416
v 0.2050 0.0570 0.2496
v 0.2050 0.0287 0.2544
v 0.2050 0.0000 0.2560
v 0.2050 -0.0287 0.2544
v 0.2050 -0.0570 0.2496
v 0.2050 -0.0846 0.2416
v 0.2050 -0.1111 0.2306
v 0.2050 -0.1362 0.2168
v 0.2050 -0.1596 0.2001
v 0.2050 -0.1810 0.1810
v 0.2050 -0.2001 0.1596
v 0.2050 -0.2168 0.1362
v 0.2050 -0.2306 0.1111
v 0.2050 -0.2416 0.0846
v 0.2050 -0.2496 0.0570
v 0.2050 -0.2544 0.0287
v 0.2050 -0.2560 0.0000
v 0.2050 -0.2544 -0.0287
v 0.2050 -0.2496 -0.0570
v 0.2050 -0.2416 -0.0846
v 0.2050 -0.2306 -0.1111
v 0.2050 -0.2168 -0.1362
v 0.2050 -0.2001 -0.1596
v 0.2050 -0.1810 -0.1810
v 0.2050 -0.1596 -0.2001
v 0.2050 -0.1362 -0.2168
v 0.2050 -0.1111 -0.2306
v 0.2050 -0.0846 -0.2416
v 0.2050 -0.0570 -0.2496
v 0.2050 -0.0287 -0.2544
v 0.2050 -0.0000 -0.2560
v 0.2050 0.0287 -0.2544
v 0.2050 0.0570 -0.2496
v 0.2050 0.0846 -0.2416
v 0.2050 0.1111 -0.2306
v 0.2050 0.1362 -0.2168
v 0.2050 0.1596 -0.2001
v 0.2050 0.1810 -0.1810
v 0.2050 0.2001 -0.1596
v 0.2050 0.2168 -0.1362
v 0.2050 0.2306 -0.1111
v 0.2050 0.2416 -0.0846
v 0.2050 0.2496 -0.0570
v 0.2050 0.2544 -0.0287
v 0.2050 0.2560 -0.0000
v 0.2550 0.2544 0.0287
v 0.2550 0.2560 0.0000
v 0.2550 0.2496 0.0570
v 0.2550 0.2416 0.0846
v 0.2550 0.2306 0.1111
v 0.2550 0.2168 0.1362
v 0.2550 0.2001 0.1596
v 0.2550 0.1810 0.1810
v 0.2550 0.1596 0.2001
v 0.2550 0.1362 0.2168
v 0.2550 0.1111 0.2306
v 0.2550 0.0846 0.2416
v 0.2550 0.0570 0.2496
v 0.2550 0.0287 0.2544
v 0.2550 0.0000 0.2560
v 0.2550 -0.0287 0.2544
v 0.2550 -0.0570 0.2496
v 0.2550 -0.0846 0.2416
v 0.2550 -0.1111 0.2306
v 0.2550 -0.1362 0.2168
v 0.2550 -0.1596 0.2001
v 0.2550 -0.1810 0.1810
v 0.2550 -0.2001 0.1596
v 0.2550 -0.2168 0.1362
v 0.2550 -0.2306 0.1111
v 0.2550 -0.2416 0.0846
v 0.2550 -0.2496 0.0570
v 0.2550 -0.2544 0.0287
v 0.2550 -0.2560 0.0000
v 0.2550 -0.2544 -0.0287
v 0.2550 -0.2496 -0.0570
v 0.2550 -0.2416 -0.0846
v 0.2550 -0.2306 -0.1111
v 0.2550 -0.2168 -0.1362
v 0.2550 -0.2001 -0.1596
v 0.2550 -0.1810 -0.1810
v 0.2550 -0.1596 -0.2001
v 0.2550 -0.1362 -0.2168
v 0.2550 -0.1111 -0.2306
v 0.2550 -0.0846 -0.2416
v 0.2550 -0.0570 -0.2496
v 0.2550 -0.0287 -0.2544
v 0.2550 -0.0000 -0.2560
v 0.2550 0.0287 -0.2544
v 0.2550 0.0570 -0.2496
v 0.2550 0.0846 -0.2416
v 0.2550 0.1111 -0.2306
v 0.2550 0.1362 -0.2168
v 0.2550 0.1596 -0.2001
v 0.2550 0.1810 -0.1810
v 0.2550 0.2001 -0.1596
v 0.2550 0.2168 -0.1362
v 0.2550 0.2306 -0.1111
v 0.2550 0.2416 -0.0846
v 0.2550 0.2496 -0.0570
v 0.2550 0.2544 -0.0287
v 0.2550 0.2560 -0.0000
v 0.2600 0.2385 0.0269
v 0.2600 0.2400 0.0000
v 0.2600 0.2340 0.0534
v 0.2600 0.2265 0.0793
v 0.2600 0.2162 0.1041
v 0.2600 0.2032 0.1277
v 0.2600 0.1876 0.1496
v 0.2600 0.1697 0.1697
v 0.2600 0.1496 0.1876
v 0.2600 0.1277 0.2032
v 0.2600 0.1041 0.2162
v 0.2600 0.0793 0.2265
v 0.2600 0.0534 0.2340
v 0.2600 0.0269 0.2385
v 0.2600 0.0000 0.2400
v 0.2600 -0.0269 0.2385
v 0.2600 -0.0534 0.2340
v 0.2600 -0.0793 0.2265
v 0.2600 -0.1041 0.2162
v 0.2600 -0.1277 0.2032
v 0.2600 -0.1496 0.1876
v 0.2600 -0.1697 0.1697
v 0.2600 -0.1876 0.1496
v 0.2600 -0.2032 0.1277
v 0.2600 -0.2162 0.1041
v 0.2600 -0.2265 0.0793
v 0.2600 -0.2340 0.0534
v 0.2600 -0.2385 0.0269
v 0.2600 -0.2400 0.0000
v 0.2600 -0.2385 -0.0269
v 0.2600 -0.2340 -0.0534
v 0.2600 -0.2265 -0.0793
v 0.2600 -0.2162 -0.1041
v 0.2600 -0.2032 -0.1277
v 0.2600 -0.1876 -0.1496
v 0.2600 -0.1697 -0.1697
v 0.2600 -0.1496 -0.1876
v 0.2600 -0.1277 -0.2032
v 0.2600 -0.1041 -0.2162
v 0.2600 -0.0793 -0.2265
v 0.2600 -0.0534 -0.2340
v 0.2600 -0.0269 -0.2385
v 0.2600 -0.0000 -0.2400
v 0.2600 0.0269 -0.2385
v 0.2600 0.0534 -0.2340
v 0.2600 0.0793 -0.2265
v 0.2600 0.1041 -0.2162
v 0.2600 0.1277 -0.2032
v 0.2600 0.1496 -0.1876
v 0.2600 0.1697 -0.1697
v 0.2600 0.1876 -0.1496
v 0.2600 0.2032 -0.1277
v 0.2600 0.2162 -0.1041
v 0.2600 0.2265 -0.0793
v 0.2600 0.2340 -0.0534
v 0.2600 0.2385 -0.0269
v 0.2600 0.2400 -0.0000
v 0.3600 0.2385 0.0269
v 0.3600 0.2400 0.0000
v 0.3600 0.2340 0.0534
v 0.3600 0.2265 0.0793
v 0.3600 0.2162 0.1041
v 0.3600 0.2032 0.1277
v 0.3600 0.1876 0.1496
v 0.3600 0.1697 0.1697
v 0.3600 0.1496 0.1876
v 0.3600 0.1277 0.2032
v 0.3600 0.1041 0.2162
v 0.3600 0.0793 0.2265
v 0.3600 0.0534 0.2340
v 0.3600 0.0269 0.2385
v 0.3600 0.0000 0.2400
v 0.3600 -0.0269 0.2385
v 0.3600 -0.0534 0.2340
v 0.3600 -0.0793 0.2265
v 0.3600 -0.1041 0.2162
v 0.3600 -0.1277 0.2032
v 0.3600 -0.1496 0.1876
v 0.3600 -0.1697 0.1697
v 0.3600 -0.1876 0.1496
v 0.3600 -0.2032 0.1277
v 0.3600 -0.2162 0.1041
v 0.3600 -0.2265 0.0793
v 0.3600 -0.2340 0.0534
v 0.3600 -0.2385 0.0269
v 0.3600 -0.2400 0.0000
v 0.3600 -0.2385 -0.0269
v 0.3600 -0.2340 -0.0534
v 0.3600 -0.2265 -0.0793
v 0.3600 -0.2162 -0.1041
v 0.3600 -0.2032 -0.1277
v 0.3600 -0.1876 -0.1496
v 0.3600 -0.1697 -0.1697
v 0.3600 -0.1496 -0.1876
v 0.3600 -0.1277 -0.2032
v 0.3600 -0.1041 -0.2162
v 0.3600 -0.0793 -0.2265
v 0.3600 -0.0534 -0.2340
v 0.3600 -0.0269 -0.2385
v 0.3600 -0.0000 -0.2400
v 0.3600 0.0269 -0.2385
v 0.3600 0.0534 -0.2340
v 0.3600 0.0793 -0.2265
v 0.3600 0.1041 -0.2162
v 0.3600 0.1277 -0.2032
v 0.3600 0.1496 -0.1876
v 0.3600 0.1697 -0.1697
v 0.3600 0.1876 -0.1496
v 0.3600 0.2032 -0.1277
v 0.3600 0.2162 -0.1041
v 0.3600 0.2265 -0.0793
v 0.3600 0.2340 -0.0534
v 0.3600 0.2385 -0.0269
v 0.3600 0.2400 -0.0000
v 0.5000 0.2733 0.0308
v 0.5000 0.2750 0.0000
v 0.5000 0.2681 0.0612
v 0.5000 0.2596 0.0908
v 0.5000 0.2478 0.1193
v 0.5000 0.2328 0.1463
v 0.5000 0.2150 0.1715
v 0.5000 0.1945 0.1945
v 0.5000 0.1715 0.2150
v 0.5000 0.1463 0.2328
v 0.5000 0.1193 0.2478
v 0.5000 0.0908 0.2596
v 0.5000 0.0612 0.2681
v 0.5000 0.0308 0.2733
v 0.5000 0.0000 0.2750
v 0.5000 -0.0308 0.2733
v 0.5000 -0.0612 0.2681
v 0.5000 -0.0908 0.2596
v 0.5000 -0.1193 0.2478
v 0.5000 -0.1463 0.2328
v 0.5000 -0.1715 0.2150
v 0.5000 -0.1945 0.1945
v 0.5000 -0.2150 0.1715
v 0.5000 -0.2328 0.1463
v 0.5000 -0.2478 0.1193
v 0.5000 -0.2596 0.0908
v 0.5000 -0.2681 0.0612
v 0.5000 -0.2733 0.0308
v 0.5000 -0.2750 0.0000
v 0.5000 -0.2733 -0.0308
v 0.5000 -0.2681 -0.0612
v 0.5000 -0.2596 -0.0908
v 0.5000 -0.2478 -0.1193
v 0.5000 -0.2328 -0.1463
v 0.5000 -0.2150 -0.1715
v 0.5000 -0.1945 -0.1945
v 0.5000 -0.1715 -0.2150
v 0.5000 -0.1463 -0.2328
v 0.5000 -0.1193 -0.2478
v 0.5000 -0.0908 -0.2596
v 0.5000 -0.0612 -0.2681
v 0.5000 -0.0308 -0.2733
v 0.5000 -0.0000 -0.2750
v 0.5000 0.0308 -0.2733
v 0.5000 0.0612 -0.2681
v 0.5000 0.0908 -0.2596
v 0.5000 0.1193 -0.2478
v 0.5000 0.1463 -0.2328
v 0.5000 0.1715 -0.2150
v 0.5000 0.1945 -0.1945
v 0.5000 0.2150 -0.1715
v 0.5000 0.2328 -0.1463
v 0.5000 0.2478 -0.1193
v 0.5000 0.2596 -0.0908
v 0.5000 0.2681 -0.0612
v 0.5000 0.2733 -0.0308
v 0.5000 0.2750 -0.0000
v 0.6200 0.3279 0.0369
v 0.6200 0.3300 0.0000
v 0.6200 0.3217 0.0734
v 0.6200 0.3115 0.1090
v 0.6200 0.2973 0.1432
v 0.6200 0.2794 0.1756
v 0.6200 0.2580 0.2058
v 0.6200 0.2333 0.2333
v 0.6200 0.2058 0.2580
v 0.6200 0.1756 0.2794
v 0.6200 0.1432 0.2973
v 0.6200 0.1090 0.3115
v 0.6200 0.0734 0.3217
v 0.6200 0.0369 0.3279
v 0.6200 0.0000 0.3300
v 0.6200 -0.0369 0.3279
v 0.6200 -0.0734 0.3217
v 0.6200 -0.1090 0.3115
v 0.6200 -0.1432 0.2973
v 0.6200 -0.1756 0.2794
v 0.6200 -0.2058 0.2580
v 0.6200 -0.2333 0.2333
v 0.6200 -0.2580 0.2058
v 0.6200 -0.2794 0.1756
v 0.6200 -0.2973 0.1432
v 0.6200 -0.3115 0.1090
v 0.6200 -0.3217 0.0734
v 0.6200 -0.3279 0.0369
v 0.6200 -0.3300 0.0000
v 0.6200 -0.3279 -0.0369
v 0.6200 -0.3217 -0.0734
v 0.6200 -0.3115 -0.1090
v 0.6200 -0.2973 -0.1432
v 0.6200 -0.2794 -0.1756
v 0.6200 -0.2580 -0.2058
v 0.6200 -0.2333 -0.2333
v 0.6200 -0.2058 -0.2580
v 0.6200 -0.1756 -0.2794
v 0.6200 -0.1432 -0.2973
v 0.6200 -0.1090 -0.3115
v 0.6200 -0.0734 -0.3217
v 0.6200 -0.0369 -0.3279
v 0.6200 -0.0000 -0.3300
v 0.6200 0.0369 -0.3279
v 0.6200 0.0734 -0.3217
v 0.6200 0.1090 -0.3115
v 0.6200 0.1432 -0.2973
v 0.6200 0.1756 -0.2794
v 0.6200 0.2058 -0.2580
v 0.6200 0.2333 -0.2333
v 0.6200 0.2580 -0.2058
v 0.6200 0.2794 -0.1756
v 0.6200 0.2973 -0.1432
v 0.6200 0.3115 -0.1090
v 0.6200 0.3217 -0.0734
v 0.6200 0.3279 -0.0369
v 0.6200 0.3300 -0.0000
v 0.7200 0.3975 0.0448
v 0.7200 0.4000 0.0000
v 0.7200 0.3900 0.0890
v 0.7200 0.3776 0.1321
v 0.7200 0.3604 0.1736
v 0.7200 0.3387 0.2128
v 0.7200 0.3127 0.2494
v 0.7200 0.2828 0.2828
v 0.7200 0.2494 0.3127
v 0.7200 0.2128 0.3387
v 0.7200 0.1736 0.3604
v 0.7200 0.1321 0.3776
v 0.7200 0.0890 0.3900
v 0.7200 0.0448 0.3975
v 0.7200 0.0000 0.4000
v 0.7200 -0.0448 0.3975
v 0.7200 -0.0890 0.3900
v 0.7200 -0.1321 0.3776
v 0.7200 -0.1736 0.3604
v 0.7200 -0.2128 0.3387
v 0.7200 -0.2494 0.3127
v 0.7200 -0.2828 0.2828
v 0.7200 -0.3127 0.2494
v 0.7200 -0.3387 0.2128
v 0.7200 -0.3604 0.1736
v 0.7200 -0.3776 0.1321
v 0.7200 -0.3900 0.0890
v 0.7200 -0.3975 0.0448
v 0.7200 -0.4000 0.0000
v 0.7200 -0.3975 -0.0448
v 0.7200 -0.3900 -0.0890
v 0.7200 -0.3776 -0.1321
v 0.7200 -0.3604 -0.1736
v 0.7200 -0.3387 -0.2128
v 0.7200 -0.3127 -0.2494
v 0.7200 -0.2828 -0.2828
v 0.7200 -0.2494 -0.3127
v 0.7200 -0.2128 -0.3387
v 0.7200 -0.1736 -0.3604
v 0.7200 -0.1321 -0.3776
v 0.7200 -0.0890 -0.3900
v 0.7200 -0.0448 -0.3975
v 0.7200 -0.0000 -0.4000
v 0.7200 0.0448 -0.3975
v 0.7200 0.0890 -0.3900
v 0.7200 0.1321 -0.3776
v 0.7200 0.1736 -0.3604
v 0.7200 0.2128 -0.3387
v 0.7200 0.2494 -0.3127
v 0.7200 0.2828 -0.2828
v 0.7200 0.3127 -0.2494
v 0.7200 0.3387 -0.2128
v 0.7200 0.3604 -0.1736
v 0.7200 0.3776 -0.1321
v 0.7200 0.3900 -0.0890
v 0.7200 0.3975 -0.0448
v 0.7200 0.4000 -0.0000
v 0.7400 0.4174 0.0470
v 0.7400 0.4200 0.0000
v 0.7400 0.4095 0.0935
v 0.7400 0.3964 0.1387
v 0.7400 0.3784 0.1822
v 0.7400 0.3556 0.2235
v 0.7400 0.3284 0.2619
v 0.7400 0.2970 0.2970
v 0.7400 0.2619 0.3284
v 0.7400 0.2235 0.3556
v 0.7400 0.1822 0.3784
v 0.7400 0.1387 0.3964
v 0.7400 0.0935 0.4095
v 0.7400 0.0470 0.4174
v 0.7400 0.0000 0.4200
v 0.7400 -0.0470 0.4174
v 0.7400 -0.0935 0.4095
v 0.7400 -0.1387 0.3964
v 0.7400 -0.1822 0.3784
v 0.7400 -0.2235 0.3556
v 0.7400 -0.2619 0.3284
v 0.7400 -0.2970 0.2970
v 0.7400 -0.3284 0.2619
v 0.7400 -0.3556 0.2235
v 0.7400 -0.3784 0.1822
v 0.7400 -0.3964 0.1387
v 0.7400 -0.4095 0.0935
v 0.7400 -0.4174 0.0470
v 0.7400 -0.4200 0.0000
v 0.7400 -0.4174 -0.0470
v 0.7400 -0.4095 -0.0935
v 0.7400 -0.3964 -0.1387
v 0.7400 -0.3784 -0.1822
v 0.7400 -0.3556 -0.2235
v 0.7400 -0.3284 -0.2619
v 0.7400 -0.2970 -0.2970
v 0.7400 -0.2619 -0.3284
v 0.7400 -0.2235 -0.3556
v 0.7400 -0.1822 -0.3784
v 0.7400 -0.1387 -0.3964
v 0.7400 -0.0935 -0.4095
v 0.7400 -0.0470 -0.4174
v 0.7400 -0.0000 -0.4200
v 0.7400 0.0470 -0.4174
v 0.7400 0.0935 -0.4095
v 0.7400 0.1387 -0.3964
v 0.7400 0.1822 -0.3784
v 0.7400 0.2235 -0.3556
v 0.7400 0.2619 -0.3284
v 0.7400 0.2970 -0.2970
v 0.7400 0.3284 -0.2619
v 0.7400 0.3556 -0.2235
v 0.7400 0.3784 -0.1822
v 0.7400 0.3964 -0.1387
v 0.7400 0.4095 -0.0935
v 0.7400 0.4174 -0.0470
v 0.7400 0.4200 -0.0000
v 0.8600 0.4174 0.0470
v 0.8600 0.4200 0.0000
v 0.8600 0.4095 0.0935
v 0.8600 0.3964 0.1387
v 0.8600 0.3784 0.1822
v 0.8600 0.3556 0.2235
v 0.8600 0.3284 0.2619
v 0.8600 0.2970 0.2970
v 0.8600 0.2619 0.3284
v 0.8600 0.2235 0.3556
v 0.8600 0.1822 0.3784
v 0.8600 0.1387 0.3964
v 0.8600 0.0935 0.4095
v 0.8600 0.0470 0.4174
v 0.8600 0.0000 0.4200
v 0.8600 -0.0470 0.4174
v 0.8600 -0.0935 0.4095
v 0.8600 -0.1387 0.3964
v 0.8600 -0.1822 0.3784
v 0.8600 -0.2235 0.3556
v 0.8600 -0.2619 0.3284
v 0.8600 -0.2970 0.2970
v 0.8600 -0.3284 0.2619
v 0.8600 -0.3556 0.2235
v 0.8600 -0.3784 0.1822
v 0.8600 -0.3964 0.1387
v 0.8600 -0.4095 0.0935
v 0.8600 -0.4174 0.0470
v 0.8600 -0.4200 0.0000
v 0.8600 -0.4174 -0.0470
v 0.8600 -0.4095 -0.0935
v 0.8600 -0.3964 -0.1387
v 0.8600 -0.3784 -0.1822
v 0.8600 -0.3556 -0.2235
v 0.8600 -0.3284 -0.2619
v 0.8600 -0.2970 -0.2970
v 0.8600 -0.2619 -0.3284
v 0.8600 -0.2235 -0.3556
v 0.8600 -0.1822 -0.3784
v 0.8600 -0.1387 -0.3964
v 0.8600 -0.0935 -0.4095
v 0.8600 -0.0470 -0.4174
v 0.8600 -0.0000 -0.4200
v 0.8600 0.0470 -0.4174
v 0.8600 0.0935 -0.4095
v 0.8600 0.1387 -0.3964
v 0.8600 0.1822 -0.3784
v 0.8600 0.2235 -0.3556
v 0.8600 0.2619 -0.3284
v 0.8600 0.2970 -0.2970
v 0.8600 0.3284 -0.2619
v 0.8600 0.3556 -0.2235
v 0.8600 0.3784 -0.1822
v 0.8600 0.3964 -0.1387
v 0.8600 0.4095 -0.0935
v 0.8600 0.4174 -0.0470
v 0.8600 0.4200 -0.0000
v 0.9300 0.4174 0.0470
v 0.9300 0.4200 0.0000
v 0.9300 0.4095 0.0935
v 0.9300 0.3964 0.1387
v 0.9300 0.3784 0.1822
v 0.9300 0.3556 0.2235
v 0.9300 0.3284 0.2619
v 0.9300 0.2970 0.2970
v 0.9300 0.2619 0.3284
v 0.9300 0.2235 0.3556
v 0.9300 0.1822 0.3784
v 0.9300 0.1387 0.3964
v 0.9300 0.0935 0.4095
v 0.9300 0.0470 0.4174
v 0.9300 0.0000 0.4200
v 0.9300 -0.0470 0.4174
v 0.9300 -0.0935 0.4095
v 0.9300 -0.1387 0.3964
v 0.9300 -0.1822 0.3784
v 0.9300 -0.2235 0.3556
v 0.9300 -0.2619 0.3284
v 0.9300 -0.2970 0.2970
v 0.9300 -0.3284 0.2619
v 0.9300 -0.3556 0.2235
v 0.9300 -0.3784 0.1822
v 0.9300 -0.3964 0.1387
v 0.9300 -0.4095 0.0935
v 0.9300 -0.4174 0.0470
v 0.9300 -0.4200 0.0000
v 0.9300 -0.4174 -0.0470
v 0.9300 -0.4095 -0.0935
v 0.9300 -0.3964 -0.1387
v 0.9300 -0.3784 -0.1822
v 0.9300 -0.3556 -0.2235
v 0.9300 -0.3284 -0.2619
v 0.9300 -0.2970 -0.2970
v 0.9300 -0.2619 -0.3284
v 0.9300 -0.2235 -0.3556
v 0.9300 -0.1822 -0.3784
v 0.9300 -0.1387 -0.3964
v 0.9300 -0.0935 -0.4095
v 0.9300 -0.0470 -0.4174
v 0.9300 -0.0000 -0.4200
v 0.9300 0.0470 -0.4174
v 0.9300 0.0935 -0.4095
v 0.9300 0.1387 -0.3964
v 0.9300 0.1822 -0.3784
v 0.9300 0.2235 -0.3556
v 0.9300 0.2619 -0.3284
v 0.9300 0.2970 -0.2970
v 0.9300 0.3284 -0.2619
v 0.9300 0.3556 -0.2235
v 0.9300 0.3784 -0.1822
v 0.9300 0.3964 -0.1387
v 0.9300 0.4095 -0.0935
v 0.9300 0.4174 -0.0470
v 0.9300 0.4200 -0.0000
v 0.9500 0.3975 0.0448
v 0.9500 0.4000 0.0000
v 0.9500 0.3900 0.0890
v 0.9500 0.3776 0.1321
v 0.9500 0.3604 0.1736
v 0.9500 0.3387 0.2128
v 0.9500 0.3127 0.2494
v 0.9500 0.2828 0.2828
v 0.9500 0.2494 0.3127
v 0.9500 0.2128 0.3387
v 0.9500 0.1736 0.3604
v 0.9500 0.1321 0.3776
v 0.9500 0.0890 0.3900
v 0.9500 0.0448 0.3975
v 0.9500 0.0000 0.4000
v 0.9500 -0.0448 0.3975
v 0.9500 -0.0890 0.3900
v 0.9500 -0.1321 0.3776
v 0.9500 -0.1736 0.3604
v 0.9500 -0.2128 0.3387
v 0.9500 -0.2494 0.3127
v 0.9500 -0.2828 0.2828
v 0.9500 -0.3127 0.2494
v 0.9500 -0.3387 0.2128
v 0.9500 -0.3604 0.1736
v 0.9500 -0.3776 0.1321
v 0.9500 -0.3900 0.0890
v 0.9500 -0.3975 0.0448
v 0.9500 -0.4000 0.0000
v 0.9500 -0.3975 -0.0448
v 0.9500 -0.3900 -0.0890
v 0.9500 -0.3776 -0.1321
v 0.9500 -0.3604 -0.1736
v 0.9500 -0.3387 -0.2128
v 0.9500 -0.3127 -0.2494
v 0.9500 -0.2828 -0.2828
v 0.9500 -0.2494 -0.3127
v 0.9500 -0.2128 -0.3387
v 0.9500 -0.1736 -0.3604
v 0.9500 -0.1321 -0.3776
v 0.9500 -0.0890 -0.3900
v 0.9500 -0.0448 -0.3975
v 0.9500 -0.0000 -0.4000
v 0.9500 0.0448 -0.3975
v 0.9500 0.0890 -0.3900
v 0.9500 0.1321 -0.3776
v 0.9500 0.1736 -0.3604
v 0.9500 0.2128 -0.3387
v 0.9500 0.2494 -0.3127
v 0.9500 0.2828 -0.2828
v 0.9500 0.3127 -0.2494
v 0.9500 0.3387 -0.2128
v 0.9500 0.3604 -0.1736
v 0.9500 0.3776 -0.1321
v 0.9500 0.3900 -0.0890
v 0.9500 0.3975 -0.0448
v 0.9500 0.4000 -0.0000
v 0.9500 0.3627 0.0409
v 0.9500 0.3650 0.0000
v 0.9500 0.3558 0.0812
v 0.9500 0.3445 0.1206
v 0.9500 0.3289 0.1584
v 0.9500 0.3091 0.1942
v 0.9500 0.2854 0.2276
v 0.9500 0.2581 0.2581
v 0.9500 0.2276 0.2854
v 0.9500 0.1942 0.3091
v 0.9500 0.1584 0.3289
v 0.9500 0.1206 0.3445
v 0.9500 0.0812 0.3558
v 0.9500 0.0409 0.3627
v 0.9500 0.0000 0.3650
v 0.9500 -0.0409 0.3627
v 0.9500 -0.0812 0.3558
v 0.9500 -0.1206 0.3445
v 0.9500 -0.1584 0.3289
v 0.9500 -0.1942 0.3091
v 0.9500 -0.2276 0.2854
v 0.9500 -0.2581 0.2581
v 0.9500 -0.2854 0.2276
v 0.9500 -0.3091 0.1942
v 0.9500 -0.3289 0.1584
v 0.9500 -0.3445 0.1206
v 0.9500 -0.3558 0.0812
v 0.9500 -0.3627 0.0409
v 0.9500 -0.3650 0.0000
v 0.9500 -0.3627 -0.0409
v 0.9500 -0.3558 -0.0812
v 0.9500 -0.3445 -0.1206
v 0.9500 -0.3289 -0.1584
v 0.9500 -0.3091 -0.1942
v 0.9500 -0.2854 -0.2276
v 0.9500 -0.2581 -0.2581
v 0.9500 -0.2276 -0.2854
v 0.9500 -0.1942 -0.3091
v 0.9500 -0.1584 -0.3289
v 0.9500 -0.1206 -0.3445
v 0.9500 -0.0812 -0.3558
v 0.9500 -0.0409 -0.3627
v 0.9500 -0.0000 -0.3650
v 0.9500 0.0409 -0.3627
v 0.9500 0.0812 -0.3558
v 0.9500 0.1206 -0.3445
v 0.9500 0.1584 -0.3289
v 0.9500 0.1942 -0.3091
v 0.9500 0.2276 -0.2854
v 0.9500 0.2581 -0.2581
v 0.9500 0.2854 -0.2276
v 0.9500 0.3091 -0.1942
v 0.9500 0.3289 -0.1584
v 0.9500 0.3445 -0.1206
v 0.9500 0.3558 -0.0812
v 0.9500 0.3627 -0.0409
v 0.9500 0.3650 -0.0000
v 0.9000 0.3627 0.0409
v 0.9000 0.3650 0.0000
v 0.9000 0.3558 0.0812
v 0.9000 0.3445 0.1206
v 0.9000 0.3289 0.1584
v 0.9000 0.3091 0.1942
v 0.9000 0.2854 0.2276
v 0.9000 0.2581 0.2581
v 0.9000 0.2276 0.2854
v 0.9000 0.1942 0.3091
v 0.9000 0.1584 0.3289
v 0.9000 0.1206 0.3445
v 0.9000 0.0812 0.3558
v 0.9000 0.0409 0.3627
v 0.9000 0.0000 0.3650
v 0.9000 -0.0409 0.3627
v 0.9000 -0.0812 0.3558
v 0.9000 -0.1206 0.3445
v 0.9000 -0.1584 0.3289
v 0.9000 -0.1942 0.3091
v 0.9000 -0.2276 0.2854
v 0.9000 -0.2581 0.2581
v 0.9000 -0.2854 0.2276
v 0.9000 -0.3091 0.1942
v 0.9000 -0.3289 0.1584
v 0.9000 -0.3445 0.1206
v 0.9000 -0.3558 0.0812
v 0.9000 -0.3627 0.0409
v 0.9000 -0.3650 0.0000
v 0.9000 -0.3627 -0.0409
v 0.9000 -0.3558 -0.0812
v 0.9000 -0.3445 -0.1206
v 0.9000 -0.3289 -0.1584
v 0.9000 -0.3091 -0.1942
v 0.9000 -0.2854 -0.2276
v 0.9000 -0.2581 -0.2581
v 0.9000 -0.2276 -0.2854
v 0.9000 -0.1942 -0.3091
v 0.9000 -0.1584 -0.3289
v 0.9000 -0.1206 -0.3445
v 0.9000 -0.0812 -0.3558
v 0.9000 -0.0409 -0.3627
v 0.9000 -0.0000 -0.3650
v 0.9000 0.0409 -0.3627
v 0.9000 0.0812 -0.3558
v 0.9000 0.1206 -0.3445
v 0.9000 0.1584 -0.3289
v 0.9000 0.1942 -0.3091
v 0.9000 0.2276 -0.2854
v 0.9000 0.2581 -0.2581
v 0.9000 0.2854 -0.2276
v 0.9000 0.3091 -0.1942
v 0.9000 0.3289 -0.1584
v 0.9000 0.3445 -0.1206
v 0.9000 0.3558 -0.0812
v 0.9000 0.3627 -0.0409
v 0.9000 0.3650 -0.0000
v 0.9000 0.0000 0.0000
v 0.9000 -0.0000 0.0000
v 0.9000 -0.0000 -0.0000
v 0.9000 0.0000 -0.0000
v 0.0000 0.2000 -0.0650
v 0.0000 0.2850 0.0650
v 0.0000 0.2850 -0.0650
v 0.0000 0.2000 0.0650
v 0.1600 0.2000 -0.0650
v 0.1600 0.2850 0.0650
v 0.1600 0.2000 0.0650
v 0.1600 0.2850 -0.0650
v 0.0200 0.2800 -0.0500
v 0.0200 0.2950 0.0500
v 0.0200 0.2950 -0.0500
v 0.0200 0.2800 0.0500
v 0.1400 0.2800 -0.0500
v 0.1400 0.2950 0.0500
v 0.1400 0.2800 0.0500
v 0.1400 0.2950 -0.0500
vn -1.0000 0.0000 0.0000
vn -1.0000 -0.0000 0.0000
vn -1.0000 -0.0000 -0.0000
vn -1.0000 0.0000 -0.0000
vn -0.8944 0.4472 0.0000
vn -0.8944 0.4444 0.0501
vn -0.8944 0.4360 0.0995
vn -0.8944 0.4221 0.1477
vn -0.8944 0.4029 0.1940
vn -0.8944 0.3787 0.2379
vn -0.8944 0.3496 0.2788
vn -0.8944 0.3162 0.3162
vn -0.8944 0.2788 0.3496
vn -0.8944 0.2379 0.3787
vn -0.8944 0.1940 0.4029
vn -0.8944 0.1477 0.4221
vn -0.8944 0.0995 0.4360
vn -0.8944 0.0501 0.4444
vn -0.8944 0.0000 0.4472
vn -0.8944 -0.0501 0.4444
vn -0.8944 -0.0995 0.4360
vn -0.8944 -0.1477 0.4221
vn -0.8944 -0.1940 0.4029
vn -0.8944 -0.2379 0.3787
vn -0.8944 -0.2788 0.3496
vn -0.8944 -0.3162 0.3162
vn -0.8944 -0.3496 0.2788
vn -0.8944 -0.3787 0.2379
vn -0.8944 -0.4029 0.1940
vn -0.8944 -0.4221 0.1477
vn -0.8944 -0.4360 0.0995
vn -0.8944 -0.4444 0.0501
vn -0.8944 -0.4472 0.0000
vn -0.8944 -0.4444 -0.0501
vn -0.8944 -0.4360 -0.0995
vn -0.8944 -0.4221 -0.1477
vn -0.8944 -0.4029 -0.1940
vn -0.8944 -0.3787 -0.2379
vn -0.8944 -0.3496 -0.2788
vn -0.8944 -0.3162 -0.3162
vn -0.8944 -0.2788 -0.3496
vn -0.8944 -0.2379 -0.3787
vn -0.8944 -0.1940 -0.4029
vn -0.8944 -0.1477 -0.4221
vn -0.8944 -0.0995 -0.4360
vn -0.8944 -0.0501 -0.4444
vn -0.8944 -0.0000 -0.4472
vn -0.8944 0.0501 -0.4444
vn -0.8944 0.0995 -0.4360
vn -0.8944 0.1477 -0.4221
vn -0.8944 0.1940 -0.4029
vn -0.8944 0.2379 -0.3787
vn -0.8944 0.2788 -0.3496
vn -0.8944 0.3162 -0.3162
vn -0.8944 0.3496 -0.2788
vn -0.8944 0.3787 -0.2379
vn -0.8944 0.4029 -0.1940
vn -0.8944 0.4221 -0.1477
vn -0.8944 0.4360 -0.0995
vn -0.8944 0.4444 -0.0501
vn -0.8944 0.4472 -0.0000
vn -0.0000 1.0000 0.0000
vn -0.0000 0.9937 0.1120
vn -0.0000 0.9749 0.2225
vn -0.0000 0.9439 0.3303
vn -0.0000 0.9010 0.4339
vn -0.0000 0.8467 0.5320
vn -0.0000 0.7818 0.6235
vn -0.0000 0.7071 0.7071
vn -0.0000 0.6235 0.7818
vn -0.0000 0.5320 0.8467
vn -0.0000 0.4339 0.9010
vn -0.0000 0.3303 0.9439
vn -0.0000 0.2225 0.9749
vn -0.0000 0.1120 0.9937
vn -0.0000 0.0000 1.0000
vn -0.0000 -0.1120 0.9937
vn -0.0000 -0.2225 0.9749
vn -0.0000 -0.3303 0.9439
vn -0.0000 -0.4339 0.9010
vn -0.0000 -0.5320 0.8467
vn -0.0000 -0.6235 0.7818
vn -0.0000 -0.7071 0.7071
vn -0.0000 -0.7818 0.6235
vn -0.0000 -0.8467 0.5320
vn -0.0000 -0.9010 0.4339
vn -0.0000 -0.9439 0.3303
vn -0.0000 -0.9749 0.2225
vn -0.0000 -0.9937 0.1120
vn -0.0000 -1.0000 0.0000
vn -0.0000 -0.9937 -0.1120
vn -0.0000 -0.9749 -0.2225
vn -0.0000 -0.9439 -0.3303
vn -0.0000 -0.9010 -0.4339
vn -0.0000 -0.8467 -0.5320
vn -0.0000 -0.7818 -0.6235
vn -0.0000 -0.7071 -0.7071
vn -0.0000 -0.6235 -0.7818
vn -0.0000 -0.5320 -0.8467
vn -0.0000 -0.4339 -0.9010
vn -0.0000 -0.3303 -0.9439
vn -0.0000 -0.2225 -0.9749
vn -0.0000 -0.1120 -0.9937
vn -0.0000 -0.0000 -1.0000
vn -0.0000 0.1120 -0.9937
vn -0.0000 0.2225 -0.9749
vn -0.0000 0.3303 -0.9439
vn -0.0000 0.4339 -0.9010
vn -0.0000 0.5320 -0.8467
vn -0.0000 0.6235 -0.7818
vn -0.0000 0.7071 -0.7071
vn -0.0000 0.7818 -0.6235
vn -0.0000 0.8467 -0.5320
vn -0.0000 0.9010 -0.4339
vn -0.0000 0.9439 -0.3303
vn -0.0000 0.9749 -0.2225
vn -0.0000 0.9937 -0.1120
vn -0.0000 1.0000 -0.0000
vn 0.5547 0.8321 0.0000
vn 0.5547 0.8268 0.0932
vn 0.5547 0.8112 0.1851
vn 0.5547 0.7854 0.2748
vn 0.5547 0.7497 0.3610
vn 0.5547 0.7045 0.4427
vn 0.5547 0.6505 0.5188
vn 0.5547 0.5883 0.5883
vn 0.5547 0.5188 0.6505
vn 0.5547 0.4427 0.7045
vn 0.5547 0.3610 0.7497
vn 0.5547 0.2748 0.7854
vn 0.5547 0.1851 0.8112
vn 0.5547 0.0932 0.8268
vn 0.5547 0.0000 0.8321
vn 0.5547 -0.0932 0.8268
vn 0.5547 -0.1851 0.8112
vn 0.5547 -0.2748 0.7854
vn 0.5547 -0.3610 0.7497
vn 0.5547 -0.4427 0.7045
vn 0.5547 -0.5188 0.6505
vn 0.5547 -0.5883 0.5883
vn 0.5547 -0.6505 0.5188
vn 0.5547 -0.7045 0.4427
vn 0.5547 -0.7497 0.3610
vn 0.5547 -0.7854 0.2748
vn 0.5547 -0.8112 0.1851
vn 0.5547 -0.8268 0.0932
vn 0.5547 -0.8321 0.0000
vn 0.5547 -0.8268 -0.0932
vn 0.5547 -0.8112 -0.1851
vn 0.5547 -0.7854 -0.2748
vn 0.5547 -0.7497 -0.3610
vn 0.5547 -0.7045 -0.4427
vn 0.5547 -0.6505 -0.5188
vn 0.5547 -0.5883 -0.5883
vn 0.5547 -0.5188 -0.6505
vn 0.5547 -0.4427 -0.7045
vn 0.5547 -0.3610 -0.7497
vn 0.5547 -0.2748 -0.7854
vn 0.5547 -0.1851 -0.8112
vn 0.5547 -0.0932 -0.8268
vn 0.5547 -0.0000 -0.8321
vn 0.5547 0.0932 -0.8268
vn 0.5547 0.1851 -0.8112
vn 0.5547 0.2748 -0.7854
vn 0.5547 0.3610 -0.7497
vn 0.5547 0.4427 -0.7045
vn 0.5547 0.5188 -0.6505
vn 0.5547 0.5883 -0.5883
vn 0.5547 0.6505 -0.5188
vn 0.5547 0.7045 -0.4427
vn 0.5547 0.7497 -0.3610
vn 0.5547 0.7854 -0.2748
vn 0.5547 0.8112 -0.1851
vn 0.5547 0.8268 -0.0932
vn 0.5547 0.8321 -0.0000
vn -0.6823 0.7311 0.0000
vn -0.6823 0.7265 0.0819
vn -0.6823 0.7127 0.1627
vn -0.6823 0.6900 0.2415
vn -0.6823 0.6587 0.3172
vn -0.6823 0.6190 0.3889
vn -0.6823 0.5716 0.4558
vn -0.6823 0.5169 0.5169
vn -0.6823 0.4558 0.5716
vn -0.6823 0.3889 0.6190
vn -0.6823 0.3172 0.6587
vn -0.6823 0.2415 0.6900
vn -0.6823 0.1627 0.7127
vn -0.6823 0.0819 0.7265
vn -0.6823 0.0000 0.7311
vn -0.6823 -0.0819 0.7265
vn -0.6823 -0.1627 0.7127
vn -0.6823 -0.2415 0.6900
vn -0.6823 -0.3172 0.6587
vn -0.6823 -0.3889 0.6190
vn -0.6823 -0.4558 0.5716
vn -0.6823 -0.5169 0.5169
vn -0.6823 -0.5716 0.4558
vn -0.6823 -0.6190 0.3889
vn -0.6823 -0.6587 0.3172
vn -0.6823 -0.6900 0.2415
vn -0.6823 -0.7127 0.1627
vn -0.6823 -0.7265 0.0819
vn -0.6823 -0.7311 0.0000
vn -0.6823 -0.7265 -0.0819
vn -0.6823 -0.7127 -0.1627
vn -0.6823 -0.6900 -0.2415
vn -0.6823 -0.6587 -0.3172
vn -0.6823 -0.6190 -0.3889
vn -0.6823 -0.5716 -0.4558
vn -0.6823 -0.5169 -0.5169
vn -0.6823 -0.4558 -0.5716
vn -0.6823 -0.3889 -0.6190
vn -0.6823 -0.3172 -0.6587
vn -0.6823 -0.2415 -0.6900
vn -0.6823 -0.1627 -0.7127
vn -0.6823 -0.0819 -0.7265
vn -0.6823 -0.0000 -0.7311
vn -0.6823 0.0819 -0.7265
vn -0.6823 0.1627 -0.7127
vn -0.6823 0.2415 -0.6900
vn -0.6823 0.3172 -0.6587
vn -0.6823 0.3889 -0.6190
vn -0.6823 0.4558 -0.5716
vn -0.6823 0.5169 -0.5169
vn -0.6823 0.5716 -0.4558
vn -0.6823 0.6190 -0.3889
vn -0.6823 0.6587 -0.3172
vn -0.6823 0.6900 -0.2415
vn -0.6823 0.7127 -0.1627
vn -0.6823 0.7265 -0.0819
vn -0.6823 0.7311 -0.0000
vn 0.6823 0.7311 0.0000
vn 0.6823 0.7265 0.0819
vn 0.6823 0.7127 0.1627
vn 0.6823 0.6900 0.2415
vn 0.6823 0.6587 0.3172
vn 0.6823 0.6190 0.3889
vn 0.6823 0.5716 0.4558
vn 0.6823 0.5169 0.5169
vn 0.6823 0.4558 0.5716
vn 0.6823 0.3889 0.6190
vn 0.6823 0.3172 0.6587
vn 0.6823 0.2415 0.6900
vn 0.6823 0.1627 0.7127
vn 0.6823 0.0819 0.7265
vn 0.6823 0.0000 0.7311
vn 0.6823 -0.0819 0.7265
vn 0.6823 -0.1627 0.7127
vn 0.6823 -0.2415 0.6900
vn 0.6823 -0.3172 0.6587
vn 0.6823 -0.3889 0.6190
vn 0.6823 -0.4558 0.5716
vn 0.6823 -0.5169 0.5169
vn 0.6823 -0.5716 0.4558
vn 0.6823 -0.6190 0.3889
vn 0.6823 -0.6587 0.3172
vn 0.6823 -0.6900 0.2415
vn 0.6823 -0.7127 0.1627
vn 0.6823 -0.7265 0.0819
vn 0.6823 -0.7311 0.0000
vn 0.6823 -0.7265 -0.0819
vn 0.6823 -0.7127 -0.1627
vn 0.6823 -0.6900 -0.2415
vn 0.6823 -0.6587 -0.3172
vn 0.6823 -0.6190 -0.3889
vn 0.6823 -0.5716 -0.4558
vn 0.6823 -0.5169 -0.5169
vn 0.6823 -0.4558 -0.5716
vn 0.6823 -0.3889 -0.6190
vn 0.6823 -0.3172 -0.6587
vn 0.6823 -0.2415 -0.6900
vn 0.6823 -0.1627 -0.7127
vn 0.6823 -0.0819 -0.7265
vn 0.6823 -0.0000 -0.7311
vn 0.6823 0.0819 -0.7265
vn 0.6823 0.1627 -0.7127
vn 0.6823 0.2415 -0.6900
vn 0.6823 0.3172 -0.6587
vn 0.6823 0.3889 -0.6190
vn 0.6823 0.4558 -0.5716
vn 0.6823 0.5169 -0.5169
vn 0.6823 0.5716 -0.4558
vn 0.6823 0.6190 -0.3889
vn 0.6823 0.6587 -0.3172
vn 0.6823 0.6900 -0.2415
vn 0.6823 0.7127 -0.1627
vn 0.6823 0.7265 -0.0819
vn 0.6823 0.7311 -0.0000
vn -0.9545 0.2983 0.0000
vn -0.9545 0.2964 0.0334
vn -0.9545 0.2908 0.0664
vn -0.9545 0.2815 0.0985
vn -0.9545 0.2687 0.1294
vn -0.9545 0.2526 0.1587
vn -0.9545 0.2332 0.1860
vn -0.9545 0.2109 0.2109
vn -0.9545 0.1860 0.2332
vn -0.9545 0.1587 0.2526
vn -0.9545 0.1294 0.2687
vn -0.9545 0.0985 0.2815
vn -0.9545 0.0664 0.2908
vn -0.9545 0.0334 0.2964
vn -0.9545 0.0000 0.2983
vn -0.9545 -0.0334 0.2964
vn -0.9545 -0.0664 0.2908
vn -0.9545 -0.0985 0.2815
vn -0.9545 -0.1294 0.2687
vn -0.9545 -0.1587 0.2526
vn -0.9545 -0.1860 0.2332
vn -0.9545 -0.2109 0.2109
vn -0.9545 -0.2332 0.1860
vn -0.9545 -0.2526 0.1587
vn -0.9545 -0.2687 0.1294
vn -0.9545 -0.2815 0.0985
vn -0.9545 -0.2908 0.0664
vn -0.9545 -0.2964 0.0334
vn -0.9545 -0.2983 0.0000
vn -0.9545 -0.2964 -0.0334
vn -0.9545 -0.2908 -0.0664
vn -0.9545 -0.2815 -0.0985
vn -0.9545 -0.2687 -0.1294
vn -0.9545 -0.2526 -0.1587
vn -0.9545 -0.2332 -0.1860
vn -0.9545 -0.2109 -0.2109
vn -0.9545 -0.1860 -0.2332
vn -0.9545 -0.1587 -0.2526
vn -0.9545 -0.1294 -0.2687
vn -0.9545 -0.0985 -0.2815
vn -0.9545 -0.0664 -0.2908
vn -0.9545 -0.0334 -0.2964
vn -0.9545 -0.0000 -0.2983
vn -0.9545 0.0334 -0.2964
vn -0.9545 0.0664 -0.2908
vn -0.9545 0.0985 -0.2815
vn -0.9545 0.1294 -0.2687
vn -0.9545 0.1587 -0.2526
vn -0.9545 0.1860 -0.2332
vn -0.9545 0.2109 -0.2109
vn -0.9545 0.2332 -0.1860
vn -0.9545 0.2526 -0.1587
vn -0.9545 0.2687 -0.1294
vn -0.9545 0.2815 -0.0985
vn -0.9545 0.2908 -0.0664
vn -0.9545 0.2964 -0.0334
vn -0.9545 0.2983 -0.0000
vn 0.9545 0.2983 0.0000
vn 0.9545 0.2964 0.0334
vn 0.9545 0.2908 0.0664
vn 0.9545 0.2815 0.0985
vn 0.9545 0.2687 0.1294
vn 0.9545 0.2526 0.1587
vn 0.9545 0.2332 0.1860
vn 0.9545 0.2109 0.2109
vn 0.9545 0.1860 0.2332
vn 0.9545 0.1587 0.2526
vn 0.9545 0.1294 0.2687
vn 0.9545 0.0985 0.2815
vn 0.9545 0.0664 0.2908
vn 0.9545 0.0334 0.2964
vn 0.9545 0.0000 0.2983
vn 0.9545 -0.0334 0.2964
vn 0.9545 -0.0664 0.2908
vn 0.9545 -0.0985 0.2815
vn 0.9545 -0.1294 0.2687
vn 0.9545 -0.1587 0.2526
vn 0.9545 -0.1860 0.2332
vn 0.9545 -0.2109 0.2109
vn 0.9545 -0.2332 0.1860
vn 0.9545 -0.2526 0.1587
vn 0.9545 -0.2687 0.1294
vn 0.9545 -0.2815 0.0985
vn 0.9545 -0.2908 0.0664
vn 0.9545 -0.2964 0.0334
vn 0.9545 -0.2983 0.0000
vn 0.9545 -0.2964 -0.0334
vn 0.9545 -0.2908 -0.0664
vn 0.9545 -0.2815 -0.0985
vn 0.9545 -0.2687 -0.1294
vn 0.9545 -0.2526 -0.1587
vn 0.9545 -0.2332 -0.1860
vn 0.9545 -0.2109 -0.2109
vn 0.9545 -0.1860 -0.2332
vn 0.9545 -0.1587 -0.2526
vn 0.9545 -0.1294 -0.2687
vn 0.9545 -0.0985 -0.2815
vn 0.9545 -0.0664 -0.2908
vn 0.9545 -0.0334 -0.2964
vn 0.9545 -0.0000 -0.2983
vn 0.9545 0.0334 -0.2964
vn 0.9545 0.0664 -0.2908
vn 0.9545 0.0985 -0.2815
vn 0.9545 0.1294 -0.2687
vn 0.9545 0.1587 -0.2526
vn 0.9545 0.1860 -0.2332
vn 0.9545 0.2109 -0.2109
vn 0.9545 0.2332 -0.1860
vn 0.9545 0.2526 -0.1587
vn 0.9545 0.2687 -0.1294
vn 0.9545 0.2815 -0.0985
vn 0.9545 0.2908 -0.0664
vn 0.9545 0.2964 -0.0334
vn 0.9545 0.2983 -0.0000
vn -0.2425 0.9701 0.0000
vn -0.2425 0.9640 0.1086
vn -0.2425 0.9458 0.2159
vn -0.2425 0.9157 0.3204
vn -0.2425 0.8741 0.4209
vn -0.2425 0.8214 0.5161
vn -0.2425 0.7585 0.6049
vn -0.2425 0.6860 0.6860
vn -0.2425 0.6049 0.7585
vn -0.2425 0.5161 0.8214
vn -0.2425 0.4209 0.8741
vn -0.2425 0.3204 0.9157
vn -0.2425 0.2159 0.9458
vn -0.2425 0.1086 0.9640
vn -0.2425 0.0000 0.9701
vn -0.2425 -0.1086 0.9640
vn -0.2425 -0.2159 0.9458
vn -0.2425 -0.3204 0.9157
vn -0.2425 -0.4209 0.8741
vn -0.2425 -0.5161 0.8214
vn -0.2425 -0.6049 0.7585
vn -0.2425 -0.6860 0.6860
vn -0.2425 -0.7585 0.6049
vn -0.2425 -0.8214 0.5161
vn -0.2425 -0.8741 0.4209
vn -0.2425 -0.9157 0.3204
vn -0.2425 -0.9458 0.2159
vn -0.2425 -0.9640 0.1086
vn -0.2425 -0.9701 0.0000
vn -0.2425 -0.9640 -0.1086
vn -0.2425 -0.9458 -0.2159
vn -0.2425 -0.9157 -0.3204
vn -0.2425 -0.8741 -0.4209
vn -0.2425 -0.8214 -0.5161
vn -0.2425 -0.7585 -0.6049
vn -0.2425 -0.6860 -0.6860
vn -0.2425 -0.6049 -0.7585
vn -0.2425 -0.5161 -0.8214
vn -0.2425 -0.4209 -0.8741
vn -0.2425 -0.3204 -0.9157
vn -0.2425 -0.2159 -0.9458
vn -0.2425 -0.1086 -0.9640
vn -0.2425 -0.0000 -0.9701
vn -0.2425 0.1086 -0.9640
vn -0.2425 0.2159 -0.9458
vn -0.2425 0.3204 -0.9157
vn -0.2425 0.4209 -0.8741
vn -0.2425 0.5161 -0.8214
vn -0.2425 0.6049 -0.7585
vn -0.2425 0.6860 -0.6860
vn -0.2425 0.7585 -0.6049
vn -0.2425 0.8214 -0.5161
vn -0.2425 0.8741 -0.4209
vn -0.2425 0.9157 -0.3204
vn -0.2425 0.9458 -0.2159
vn -0.2425 0.9640 -0.1086
vn -0.2425 0.9701 -0.0000
vn -0.4167 0.9091 0.0000
vn -0.4167 0.9033 0.1018
vn -0.4167 0.8863 0.2023
vn -0.4167 0.8581 0.3002
vn -0.4167 0.8190 0.3944
vn -0.4167 0.7697 0.4837
vn -0.4167 0.7107 0.5668
vn -0.4167 0.6428 0.6428
vn -0.4167 0.5668 0.7107
vn -0.4167 0.4837 0.7697
vn -0.4167 0.3944 0.8190
vn -0.4167 0.3002 0.8581
vn -0.4167 0.2023 0.8863
vn -0.4167 0.1018 0.9033
vn -0.4167 0.0000 0.9091
vn -0.4167 -0.1018 0.9033
vn -0.4167 -0.2023 0.8863
vn -0.4167 -0.3002 0.8581
vn -0.4167 -0.3944 0.8190
vn -0.4167 -0.4837 0.7697
vn -0.4167 -0.5668 0.7107
vn -0.4167 -0.6428 0.6428
vn -0.4167 -0.7107 0.5668
vn -0.4167 -0.7697 0.4837
vn -0.4167 -0.8190 0.3944
vn -0.4167 -0.8581 0.3002
vn -0.4167 -0.8863 0.2023
vn -0.4167 -0.9033 0.1018
vn -0.4167 -0.9091 0.0000
vn -0.4167 -0.9033 -0.1018
vn -0.4167 -0.8863 -0.2023
vn -0.4167 -0.8581 -0.3002
vn -0.4167 -0.8190 -0.3944
vn -0.4167 -0.7697 -0.4837
vn -0.4167 -0.7107 -0.5668
vn -0.4167 -0.6428 -0.6428
vn -0.4167 -0.5668 -0.7107
vn -0.4167 -0.4837 -0.7697
vn -0.4167 -0.3944 -0.8190
vn -0.4167 -0.3002 -0.8581
vn -0.4167 -0.2023 -0.8863
vn -0.4167 -0.1018 -0.9033
vn -0.4167 -0.0000 -0.9091
vn -0.4167 0.1018 -0.9033
vn -0.4167 0.2023 -0.8863
vn -0.4167 0.3002 -0.8581
vn -0.4167 0.3944 -0.8190
vn -0.4167 0.4837 -0.7697
vn -0.4167 0.5668 -0.7107
vn -0.4167 0.6428 -0.6428
vn -0.4167 0.7107 -0.5668
vn -0.4167 0.7697 -0.4837
vn -0.4167 0.8190 -0.3944
vn -0.4167 0.8581 -0.3002
vn -0.4167 0.8863 -0.2023
vn -0.4167 0.9033 -0.1018
vn -0.4167 0.9091 -0.0000
vn -0.5735 0.8192 0.0000
vn -0.5735 0.8141 0.0917
vn -0.5735 0.7987 0.1823
vn -0.5735 0.7733 0.2706
vn -0.5735 0.7381 0.3555
vn -0.5735 0.6937 0.4359
vn -0.5735 0.6405 0.5108
vn -0.5735 0.5793 0.5793
vn -0.5735 0.5108 0.6405
vn -0.5735 0.4359 0.6937
vn -0.5735 0.3555 0.7381
vn -0.5735 0.2706 0.7733
vn -0.5735 0.1823 0.7987
vn -0.5735 0.0917 0.8141
vn -0.5735 0.0000 0.8192
vn -0.5735 -0.0917 0.8141
vn -0.5735 -0.1823 0.7987
vn -0.5735 -0.2706 0.7733
vn -0.5735 -0.3555 0.7381
vn -0.5735 -0.4359 0.6937
vn -0.5735 -0.5108 0.6405
vn -0.5735 -0.5793 0.5793
vn -0.5735 -0.6405 0.5108
vn -0.5735 -0.6937 0.4359
vn -0.5735 -0.7381 0.3555
vn -0.5735 -0.7733 0.2706
vn -0.5735 -0.7987 0.1823
vn -0.5735 -0.8141 0.0917
vn -0.5735 -0.8192 0.0000
vn -0.5735 -0.8141 -0.0917
vn -0.5735 -0.7987 -0.1823
vn -0.5735 -0.7733 -0.2706
vn -0.5735 -0.7381 -0.3555
vn -0.5735 -0.6937 -0.4359
vn -0.5735 -0.6405 -0.5108
vn -0.5735 -0.5793 -0.5793
vn -0.5735 -0.5108 -0.6405
vn -0.5735 -0.4359 -0.6937
vn -0.5735 -0.3555 -0.7381
vn -0.5735 -0.2706 -0.7733
vn -0.5735 -0.1823 -0.7987
vn -0.5735 -0.0917 -0.8141
vn -0.5735 -0.0000 -0.8192
vn -0.5735 0.0917 -0.8141
vn -0.5735 0.1823 -0.7987
vn -0.5735 0.2706 -0.7733
vn -0.5735 0.3555 -0.7381
vn -0.5735 0.4359 -0.6937
vn -0.5735 0.5108 -0.6405
vn -0.5735 0.5793 -0.5793
vn -0.5735 0.6405 -0.5108
vn -0.5735 0.6937 -0.4359
vn -0.5735 0.7381 -0.3555
vn -0.5735 0.7733 -0.2706
vn -0.5735 0.7987 -0.1823
vn -0.5735 0.8141 -0.0917
vn -0.5735 0.8192 -0.0000
vn -0.7071 0.7071 0.0000
vn -0.7071 0.7027 0.0792
vn -0.7071 0.6894 0.1573
vn -0.7071 0.6674 0.2335
vn -0.7071 0.6371 0.3068
vn -0.7071 0.5987 0.3762
vn -0.7071 0.5528 0.4409
vn -0.7071 0.5000 0.5000
vn -0.7071 0.4409 0.5528
vn -0.7071 0.3762 0.5987
vn -0.7071 0.3068 0.6371
vn -0.7071 0.2335 0.6674
vn -0.7071 0.1573 0.6894
vn -0.7071 0.0792 0.7027
vn -0.7071 0.0000 0.7071
vn -0.7071 -0.0792 0.7027
vn -0.7071 -0.1573 0.6894
vn -0.7071 -0.2335 0.6674
vn -0.7071 -0.3068 0.6371
vn -0.7071 -0.3762 0.5987
vn -0.7071 -0.4409 0.5528
vn -0.7071 -0.5000 0.5000
vn -0.7071 -0.5528 0.4409
vn -0.7071 -0.5987 0.3762
vn -0.7071 -0.6371 0.3068
vn -0.7071 -0.6674 0.2335
vn -0.7071 -0.6894 0.1573
vn -0.7071 -0.7027 0.0792
vn -0.7071 -0.7071 0.0000
vn -0.7071 -0.7027 -0.0792
vn -0.7071 -0.6894 -0.1573
vn -0.7071 -0.6674 -0.2335
vn -0.7071 -0.6371 -0.3068
vn -0.7071 -0.5987 -0.3762
vn -0.7071 -0.5528 -0.4409
vn -0.7071 -0.5000 -0.5000
vn -0.7071 -0.4409 -0.5528
vn -0.7071 -0.3762 -0.5987
vn -0.7071 -0.3068 -0.6371
vn -0.7071 -0.2335 -0.6674
vn -0.7071 -0.1573 -0.6894
vn -0.7071 -0.0792 -0.7027
vn -0.7071 -0.0000 -0.7071
vn -0.7071 0.0792 -0.7027
vn -0.7071 0.1573 -0.6894
vn -0.7071 0.2335 -0.6674
vn -0.7071 0.3068 -0.6371
vn -0.7071 0.3762 -0.5987
vn -0.7071 0.4409 -0.5528
vn -0.7071 0.5000 -0.5000
vn -0.7071 0.5528 -0.4409
vn -0.7071 0.5987 -0.3762
vn -0.7071 0.6371 -0.3068
vn -0.7071 0.6674 -0.2335
vn -0.7071 0.6894 -0.1573
vn -0.7071 0.7027 -0.0792
vn -0.7071 0.7071 -0.0000
vn 0.7071 0.7071 0.0000
vn 0.7071 0.7027 0.0792
vn 0.7071 0.6894 0.1573
vn 0.7071 0.6674 0.2335
vn 0.7071 0.6371 0.3068
vn 0.7071 0.5987 0.3762
vn 0.7071 0.5528 0.4409
vn 0.7071 0.5000 0.5000
vn 0.7071 0.4409 0.5528
vn 0.7071 0.3762 0.5987
vn 0.7071 0.3068 0.6371
vn 0.7071 0.2335 0.6674
vn 0.7071 0.1573 0.6894
vn 0.7071 0.0792 0.7027
vn 0.7071 0.0000 0.7071
vn 0.7071 -0.0792 0.7027
vn 0.7071 -0.1573 0.6894
vn 0.7071 -0.2335 0.6674
vn 0.7071 -0.3068 0.6371
vn 0.7071 -0.3762 0.5987
vn 0.7071 -0.4409 0.5528
vn 0.7071 -0.5000 0.5000
vn 0.7071 -0.5528 0.4409
vn 0.7071 -0.5987 0.3762
vn 0.7071 -0.6371 0.3068
vn 0.7071 -0.6674 0.2335
vn 0.7071 -0.6894 0.1573
vn 0.7071 -0.7027 0.0792
vn 0.7071 -0.7071 0.0000
vn 0.7071 -0.7027 -0.0792
vn 0.7071 -0.6894 -0.1573
vn 0.7071 -0.6674 -0.2335
vn 0.7071 -0.6371 -0.3068
vn 0.7071 -0.5987 -0.3762
vn 0.7071 -0.5528 -0.4409
vn 0.7071 -0.5000 -0.5000
vn 0.7071 -0.4409 -0.5528
vn 0.7071 -0.3762 -0.5987
vn 0.7071 -0.3068 -0.6371
vn 0.7071 -0.2335 -0.6674
vn 0.7071 -0.1573 -0.6894
vn 0.7071 -0.0792 -0.7027
vn 0.7071 -0.0000 -0.7071
vn 0.7071 0.0792 -0.7027
vn 0.7071 0.1573 -0.6894
vn 0.7071 0.2335 -0.6674
vn 0.7071 0.3068 -0.6371
vn 0.7071 0.3762 -0.5987
vn 0.7071 0.4409 -0.5528
vn 0.7071 0.5000 -0.5000
vn 0.7071 0.5528 -0.4409
vn 0.7071 0.5987 -0.3762
vn 0.7071 0.6371 -0.3068
vn 0.7071 0.6674 -0.2335
vn 0.7071 0.6894 -0.1573
vn 0.7071 0.7027 -0.0792
vn 0.7071 0.7071 -0.0000
vn 1.0000 0.0000 0.0000
vn 1.0000 -0.0000 0.0000
vn 1.0000 -0.0000 -0.0000
vn 1.0000 0.0000 -0.0000
vn -0.0000 -1.0000 -0.0000
vn 0.0000 -1.0000 0.0000
vn 0.0000 1.0000 0.0000
vn 0.0000 0.0000 -1.0000
vn 0.0000 0.0000 1.0000
usemtl body
f 1//1 2//1 3//1
f 1//1 4//1 2//1
f 1//1 5//1 4//1
f 1//1 6//1 5//1
f 1//1 7//1 6//1
f 1//1 8//1 7//1
f 1//1 9//1 8//1
f 1//1 10//1 9//1
f 1//1 11//1 10//1
f 1//1 12//1 11//1
f 1//1 13//1 12//1
f 1//1 14//1 13//1
f 1//1 15//1 14//1
f 1//1 16//1 15//1
f 1//1 17//2 16//1
f 18//2 19//2 17//2
f 18//2 20//2 19//2
f 18//2 21//2 20//2
f 18//2 22//2 21//2
f 18//2 23//2 22//2
f 18//2 24//2 23//2
f 18//2 25//2 24//2
f 18//2 26//2 25//2
f 18//2 27//2 26//2
f 18//2 28//2 27//2
f 18//2 29//2 28//2
f 18//2 30//2 29//2
f 18//2 31//2 30//2
f 18//2 32//3 31//2
f 33//3 34//3 32//3
f 33//3 35//3 34//3
f 33//3 36//3 35//3
f 33//3 37//3 36//3
f 33//3 38//3 37//3
f 33//3 39//3 38//3
f 33//3 40//3 39//3
f 33//3 41//3 40//3
f 33//3 42//3 41//3
f 33//3 43//3 42//3
f 33//3 44//3 43//3
f 33//3 45//3 44//3
f 33//3 46//3 45//3
f 33//3 47//4 46//3
f 48//4 49//4 47//4
f 48//4 50//4 49//4
f 48//4 51//4 50//4
f 48//4 52//4 51//4
f 48//4 53//4 52//4
f 48//4 54//4 53//4
f 48//4 55//4 54//4
f 48//4 56//4 55//4
f 48//4 57//4 56//4
f 48//4 58//4 57//4
f 48//4 59//4 58//4
f 48//4 60//4 59//4
f 48//4 61//4 60//4
f 3//5 62//6 63//5
f 3//5 2//6 62//6
f 2//6 64//7 62//6
f 2//6 4//7 64//7
f 4//7 65//8 64//7
f 4//7 5//8 65//8
f 5//8 66//9 65//8
f 5//8 6//9 66//9
f 6//9 67//10 66//9
f 6//9 7//10 67//10
f 7//10 68//11 67//10
f 7//10 8//11 68//11
f 8//11 69//12 68//11
f 8//11 9//12 69//12
f 9//12 70//13 69//12
f 9//12 10//13 70//13
f 10//13 71//14 70//13
f 10//13 11//14 71//14
f 11//14 72//15 71//14
f 11//14 12//15 72//15
f 12//15 73//16 72//15
f 12//15 13//16 73//16
f 13//16 74//17 73//16
f 13//16 14//17 74//17
f 14//17 75//18 74//17
f 14//17 15//18 75//18
f 15//18 76//19 75//18
f 15//18 16//19 76//19
f 16//19 77//20 76//19
f 16//19 17//20 77//20
f 17//20 78//21 77//20
f 17//20 19//21 78//21
f 19//21 79//22 78//21
f 19//21 20//22 79//22
f 20//22 80//23 79//22
f 20//22 21//23 80//23
f 21//23 81//24 80//23
f 21//23 22//24 81//24
f 22//24 82//25 81//24
f 22//24 23//25 82//25
f 23//25 83//26 82//25
f 23//25 24//26 83//26
f 24//26 84//27 83//26
f 24//26 25//27 84//27
f 25//27 85//28 84//27
f 25//27 26//28 85//28
f 26//28 86//29 85//28
f 26//28 27//29 86//29
f 27//29 87//30 86//29
f 27//29 28//30 87//30
f 28//30 88//31 87//30
f 28//30 29//31 88//31
f 29//31 89//32 88//31
f 29//31 30//32 89//32
f 30//32 90//33 89//32
f 30//32 31//33 90//33
f 31//33 91//34 90//33
f 31//33 32//34 91//34
f 32//34 92//35 91//34
f 32//34 34//35 92//35
f 34//35 93//36 92//35
f 34//35 35//36 93//36
f 35//36 94//37 93//36
f 35//36 36//37 94//37
f 36//37 95//38 94//37
f 36//37 37//38 95//38
f 37//38 96//39 95//38
f 37//38 38//39 96//39
f 38//39 97//40 96//39
f 38//39 39//40 97//40
f 39//40 98//41 97//40
f 39//40 40//41 98//41
f 40//41 99//42 98//41
f 40//41 41//42 99//42
f 41//42 100//43 99//42
f 41//42 42//43 100//43
f 42//43 101//44 100//43
f 42//43 43//44 101//44
f 43//44 102//45 101//44
f 43//44 44//45 102//45
f 44//45 103//46 102//45
f 44//45 45//46 103//46
f 45//46 104//47 103//46
f 45//46 46//47 104//47
f 46//47 105//48 104//47
f 46//47 47//48 105//48
f 47//48 106//49 105//48
f 47//48 49//49 106//49
f 49//49 107//50 106//49
f 49//49 50//50 107//50
f 50//50 108//51 107//50
f 50//50 51//51 108//51
f 51//51 109//52 108//51
f 51//51 52//52 109//52
f 52//52 110//53 109//52
f 52//52 53//53 110//53
f 53//53 111//54 110//53
f 53//53 54//54 111//54
f 54//54 112//55 111//54
f 54//54 55//55 112//55
f 55//55 113//56 112//55
f 55//55 56//56 113//56
f 56//56 114//57 113//56
f 56//56 57//57 114//57
f 57//57 115//58 114//57
f 57//57 58//58 115//58
f 58//58 116//59 115//58
f 58//58 59//59 116//59
f 59//59 117//60 116//59
f 59//59 60//60 117//60
f 60//60 118//61 117//60
f 60//60 61//61 118//61
f 63//62 119//63 120//62
f 63//62 62//63 119//63
f 62//63 121//64 119//63
f 62//63 64//64 121//64
f 64//64 122//65 121//64
f 64//64 65//65 122//65
f 65//65 123//66 122//65
f 65//65 66//66 123//66
f 66//66 124//67 123//66
f 66//66 67//67 124//67
f 67//67 125//68 124//67
f 67//67 68//68 125//68
f 68//68 126//69 125//68
f 68//68 69//69 126//69
f 69//69 127//70 126//69
f 69//69 70//70 127//70
f 70//70 128//71 127//70
f 70//70 71//71 128//71
f 71//71 129//72 128//71
f 71//71 72//72 129//72
f 72//72 130//73 129//72
f 72//72 73//73 130//73
f 73//73 131//74 130//73
f 73//73 74//74 131//74
f 74//74 132//75 131//74
f 74//74 75//75 132//75
f 75//75 133//76 132//75
f 75//75 76//76 133//76
f 76//76 134//77 133//76
f 76//76 77//77 134//77
f 77//77 135//78 134//77
f 77//77 78//78 135//78
f 78//78 136//79 135//78
f 78//78 79//79 136//79
f 79//79 137//80 136//79
f 79//79 80//80 137//80
f 80//80 138//81 137//80
f 80//80 81//81 138//81
f 81//81 139//82 138//81
f 81//81 82//82 139//82
f 82//82 140//83 139//82
f 82//82 83//83 140//83
f 83//83 141//84 140//83
f 83//83 84//84 141//84
f 84//84 142//85 141//84
f 84//84 85//85 142//85
f 85//85 143//86 142//85
f 85//85 86//86 143//86
f 86//86 144//87 143//86
f 86//86 87//87 144//87
f 87//87 145//88 144//87
f 87//87 88//88 145//88
f 88//88 146//89 145//88
f 88//88 89//89 146//89
f 89//89 147//90 146//89
f 89//89 90//90 147//90
f 90//90 148//91 147//90
f 90//90 91//91 148//91
f 91//91 149//92 148//91
f 91//91 92//92 149//92
f 92//92 150//93 149//92
f 92//92 93//93 150//93
f 93//93 151//94 150//93
f 93//93 94//94 151//94
f 94//94 152//95 151//94
f 94//94 95//95 152//95
f 95//95 153//96 152//95
f 95//95 96//96 153//96
f 96//96 154//97 153//96
f 96//96 97//97 154//97
f 97//97 155//98 154//97
f 97//97 98//98 155//98
f 98//98 156//99 155//98
f 98//98 99//99 156//99
f 99//99 157//100 156//99
f 99//99 100//100 157//100
f 100//100 158//101 157//100
f 100//100 101//101 158//101
f 101//101 159//102 158//101
f 101//101 102//102 159//102
f 102//102 160//103 159//102
f 102//102 103//103 160//103
f 103//103 161//104 160//103
f 103//103 104//104 161//104
f 104//104 162//105 161//104
f 104//104 105//105 162//105
f 105//105 163//106 162//105
f 105//105 106//106 163//106
f 106//106 164//107 163//106
f 106//106 107//107 164//107
f 107//107 165//108 164//107
f 107//107 108//108 165//108
f 108//108 166//109 165//108
f 108//108 109//109 166//109
f 109//109 167//110 166//109
f 109//109 110//110 167//110
f 110//110 168//111 167//110
f 110//110 111//111 168//111
f 111//111 169//112 168//111
f 111//111 112//112 169//112
f 112//112 170//113 169//112
f 112//112 113//113 170//113
f 113//113 171//114 170//113
f 113//113 114//114 171//114
f 114//114 172//115 171//114
f 114//114 115//115 172//115
f 115//115 173//116 172//115
f 115//115 116//116 173//116
f 116//116 174//117 173//116
f 116//116 117//117 174//117
f 117//117 175//118 174//117
f 117//117 118//118 175//118
f 120//119 176//120 177//119
f 120//119 119//120 176//120
f 119//120 178//121 176//120
f 119//120 121//121 178//121
f 121//121 179//122 178//121
f 121//121 122//122 179//122
f 122//122 180//123 179//122
f 122//122 123//123 180//123
f 123//123 181//124 180//123
f 123//123 124//124 181//124
f 124//124 182//125 181//124
f 124//124 125//125 182//125
f 125//125 183//126 182//125
f 125//125 126//126 183//126
f 126//126 184//127 183//126
f 126//126 127//127 184//127
f 127//127 185//128 184//127
f 127//127 128//128 185//128
f 128//128 186//129 185//128
f 128//128 129//129 186//129
f 129//129 187//130 186//129
f 129//129 130//130 187//130
f 130//130 188//131 187//130
f 130//130 131//131 188//131
f 131//131 189//132 188//131
f 131//131 132//132 189//132
f 132//132 190//133 189//132
f 132//132 133//133 190//133
f 133//133 191//134 190//133
f 133//133 134//134 191//134
f 134//134 192//135 191//134
f 134//134 135//135 192//135
f 135//135 193//136 192//135
f 135//135 136//136 193//136
f 136//136 194//137 193//136
f 136//136 137//137 194//137
f 137//137 195//138 194//137
f 137//137 138//138 195//138
f 138//138 196//139 195//138
f 138//138 139//139 196//139
f 139//139 197//140 196//139
f 139//139 140//140 197//140
f 140//140 198//141 197//140
f 140//140 141//141 198//141
f 141//141 199//142 198//141
f 141//141 142//142 199//142
f 142//142 200//143 199//142
f 142//142 143//143 200//143
f 143//143 201//144 200//143
f 143//143 144//144 201//144
f 144//144 202//145 201//144
f 144//144 145//145 202//145
f 145//145 203//146 202//145
f 145//145 146//146 203//146
f 146//146 204//147 203//146
f 146//146 147//147 204//147
f 147//147 205//148 204//147
f 147//147 148//148 205//148
f 148//148 206//149 205//148
f 148//148 149//149 206//149
f 149//149 207//150 206//149
f 149//149 150//150 207//150
f 150//150 208//151 207//150
f 150//150 151//151 208//151
f 151//151 209//152 208//151
f 151//151 152//152 209//152
f 152//152 210//153 209//152
f 152//152 153//153 210//153
f 153//153 211//154 210//153
f 153//153 154//154 211//154
f 154//154 212//155 211//154
f 154//154 155//155 212//155
f 155//155 213//156 212//155
f 155//155 156//156 213//156
f 156//156 214//157 213//156
f 156//156 157//157 214//157
f 157//157 215//158 214//157
f 157//157 158//158 215//158
f 158//158 216//159 215//158
f 158//158 159//159 216//159
f 159//159 217//160 216//159
f 159//159 160//160 217//160
f 160//160 218//161 217//160
f 160//160 161//161 218//161
f 161//161 219//162 218//161
f 161//161 162//162 219//162
f 162//162 220//163 219//162
f 162//162 163//163 220//163
f 163//163 221//164 220//163
f 163//163 164//164 221//164
f 164//164 222//165 221//164
f 164//164 165//165 222//165
f 165//165 223//166 222//165
f 165//165 166//166 223//166
f 166//166 224//167 223//166
f 166//166 167//167 224//167
f 167//167 225//168 224//167
f 167//167 168//168 225//168
f 168//168 226//169 225//168
f 168//168 169//169 226//169
f 169//169 227//170 226//169
f 169//169 170//170 227//170
f 170//170 228//171 227//170
f 170//170 171//171 228//171
f 171//171 229//172 228//171
f 171//171 172//172 229//172
f 172//172 230//173 229//172
f 172//172 173//173 230//173
f 173//173 231//174 230//173
f 173//173 174//174 231//174
f 174//174 232//175 231//174
f 174//174 175//175 232//175
f 177//62 233//63 234//62
f 177//62 176//63 233//63
f 176//63 235//64 233//63
f 176//63 178//64 235//64
f 178//64 236//65 235//64
f 178//64 179//65 236//65
f 179//65 237//66 236//65
f 179//65 180//66 237//66
f 180//66 238//67 237//66
f 180//66 181//67 238//67
f 181//67 239//68 238//67
f 181//67 182//68 239//68
f 182//68 240//69 239//68
f 182//68 183//69 240//69
f 183//69 241//70 240//69
f 183//69 184//70 241//70
f 184//70 242//71 241//70
f 184//70 185//71 242//71
f 185//71 243//72 242//71
f 185//71 186//72 243//72
f 186//72 244//73 243//72
f 186//72 187//73 244//73
f 187//73 245//74 244//73
f 187//73 188//74 245//74
f 188//74 246//75 245//74
f 188//74 189//75 246//75
f 189//75 247//76 246//75
f 189//75 190//76 247//76
f 190//76 248//77 247//76
f 190//76 191//77 248//77
f 191//77 249//78 248//77
f 191//77 192//78 249//78
f 192//78 250//79 249//78
f 192//78 193//79 250//79
f 193//79 251//80 250//79
f 193//79 194//80 251//80
f 194//80 252//81 251//80
f 194//80 195//81 252//81
f 195//81 253//82 252//81
f 195//81 196//82 253//82
f 196//82 254//83 253//82
f 196//82 197//83 254//83
f 197//83 255//84 254//83
f 197//83 198//84 255//84
f 198//84 256//85 255//84
f 198//84 199//85 256//85
f 199//85 257//86 256//85
f 199//85 200//86 257//86
f 200//86 258//87 257//86
f 200//86 201//87 258//87
f 201//87 259//88 258//87
f 201//87 202//88 259//88
f 202//88 260//89 259//88
f 202//88 203//89 260//89
f 203//89 261//90 260//89
f 203//89 204//90 261//90
f 204//90 262//91 261//90
f 204//90 205//91 262//91
f 205//91 263//92 262//91
f 205//91 206//92 263//92
f 206//92 264//93 263//92
f 206//92 207//93 264//93
f 207//93 265//94 264//93
f 207//93 208//94 265//94
f 208//94 266//95 265//94
f 208//94 209//95 266//95
f 209//95 267//96 266//95
f 209//95 210//96 267//96
f 210//96 268//97 267//96
f 210//96 211//97 268//97
f 211//97 269//98 268//97
f 211//97 212//98 269//98
f 212//98 270//99 269//98
f 212//98 213//99 270//99
f 213//99 271//100 270//99
f 213//99 214//100 271//100
f 214//100 272//101 271//100
f 214//100 215//101 272//101
f 215//101 273//102 272//101
f 215//101 216//102 273//102
f 216//102 274//103 273//102
f 216//102 217//103 274//103
f 217//103 275//104 274//103
f 217//103 218//104 275//104
f 218//104 276//105 275//104
f 218//104 219//105 276//105
f 219//105 277//106 276//105
f 219//105 220//106 277//106
f 220//106 278//107 277//106
f 220//106 221//107 278//107
f 221//107 279//108 278//107
f 221//107 222//108 279//108
f 222//108 280//109 279//108
f 222//108 223//109 280//109
f 223//109 281//110 280//109
f 223//109 224//110 281//110
f 224//110 282//111 281//110
f 224//110 225//111 282//111
f 225//111 283//112 282//111
f 225//111 226//112 283//112
f 226//112 284//113 283//112
f 226//112 227//113 284//113
f 227//113 285//114 284//113
f 227//113 228//114 285//114
f 228//114 286//115 285//114
f 228//114 229//115 286//115
f 229//115 287//116 286//115
f 229//115 230//116 287//116
f 230//116 288//117 287//116
f 230//116 231//117 288//117
f 231//117 289//118 288//117
f 231//117 232//118 289//118
usemtl grip
f 234//176 290//177 291//176
f 234//176 233//177 290//177
f 233//177 292//178 290//177
f 233//177 235//178 292//178
f 235//178 293//179 292//178
f 235//178 236//179 293//179
f 236//179 294//180 293//179
f 236//179 237//180 294//180
f 237//180 295//181 294//180
f 237//180 238//181 295//181
f 238//181 296//182 295//181
f 238//181 239//182 296//182
f 239//182 297//183 296//182
f 239//182 240//183 297//183
f 240//183 298//184 297//183
f 240//183 241//184 298//184
f 241//184 299//185 298//184
f 241//184 242//185 299//185
f 242//185 300//186 299//185
f 242//185 243//186 300//186
f 243//186 301//187 300//186
f 243//186 244//187 301//187
f 244//187 302//188 301//187
f 244//187 245//188 302//188
f 245//188 303//189 302//188
f 245//188 246//189 303//189
f 246//189 304//190 303//189
f 246//189 247//190 304//190
f 247//190 305//191 304//190
f 247//190 248//191 305//191
f 248//191 306//192 305//191
f 248//191 249//192 306//192
f 249//192 307//193 306//192
f 249//192 250//193 307//193
f 250//193 308//194 307//193
f 250//193 251//194 308//194
f 251//194 309//195 308//194
f 251//194 252//195 309//195
f 252//195 310//196 309//195
f 252//195 253//196 310//196
f 253//196 311//197 310//196
f 253//196 254//197 311//197
f 254//197 312//198 311//197
f 254//197 255//198 312//198
f 255//198 313//199 312//198
f 255//198 256//199 313//199
f 256//199 314//200 313//199
f 256//199 257//200 314//200
f 257//200 315//201 314//200
f 257//200 258//201 315//201
f 258//201 316//202 315//201
f 258//201 259//202 316//202
f 259//202 317//203 316//202
f 259//202 260//203 317//203
f 260//203 318//204 317//203
f 260//203 261//204 318//204
f 261//204 319//205 318//204
f 261//204 262//205 319//205
f 262//205 320//206 319//205
f 262//205 263//206 320//206
f 263//206 321//207 320//206
f 263//206 264//207 321//207
f 264//207 322//208 321//207
f 264//207 265//208 322//208
f 265//208 323//209 322//208
f 265//208 266//209 323//209
f 266//209 324//210 323//209
f 266//209 267//210 324//210
f 267//210 325//211 324//210
f 267//210 268//211 325//211
f 268//211 326//212 325//211
f 268//211 269//212 326//212
f 269//212 327//213 326//212
f 269//212 270//213 327//213
f 270//213 328//214 327//213
f 270//213 271//214 328//214
f 271//214 329//215 328//214
f 271//214 272//215 329//215
f 272//215 330//216 329//215
f 272//215 273//216 330//216
f 273//216 331//217 330//216
f 273//216 274//217 331//217
f 274//217 332//218 331//217
f 274//217 275//218 332//218
f 275//218 333//219 332//218
f 275//218 276//219 333//219
f 276//219 334//220 333//219
f 276//219 277//220 334//220
f 277//220 335//221 334//220
f 277//220 278//221 335//221
f 278//221 336//222 335//221
f 278//221 279//222 336//222
f 279//222 337//223 336//222
f 279//222 280//223 337//223
f 280//223 338//224 337//223
f 280//223 281//224 338//224
f 281//224 339//225 338//224
f 281//224 282//225 339//225
f 282//225 340//226 339//225
f 282//225 283//226 340//226
f 283//226 341//227 340//226
f 283//226 284//227 341//227
f 284//227 342//228 341//227
f 284//227 285//228 342//228
f 285//228 343//229 342//228
f 285//228 286//229 343//229
f 286//229 344//230 343//229
f 286//229 287//230 344//230
f 287//230 345//231 344//230
f 287//230 288//231 345//231
f 288//231 346//232 345//231
f 288//231 289//232 346//232
f 291//62 347//63 348//62
f 291//62 290//63 347//63
f 290//63 349//64 347//63
f 290//63 292//64 349//64
f 292//64 350//65 349//64
f 292//64 293//65 350//65
f 293//65 351//66 350//65
f 293//65 294//66 351//66
f 294//66 352//67 351//66
f 294//66 295//67 352//67
f 295//67 353//68 352//67
f 295//67 296//68 353//68
f 296//68 354//69 353//68
f 296//68 297//69 354//69
f 297//69 355//70 354//69
f 297//69 298//70 355//70
f 298//70 356//71 355//70
f 298//70 299//71 356//71
f 299//71 357//72 356//71
f 299//71 300//72 357//72
f 300//72 358//73 357//72
f 300//72 301//73 358//73
f 301//73 359//74 358//73
f 301//73 302//74 359//74
f 302//74 360//75 359//74
f 302//74 303//75 360//75
f 303//75 361//76 360//75
f 303//75 304//76 361//76
f 304//76 362//77 361//76
f 304//76 305//77 362//77
f 305//77 363//78 362//77
f 305//77 306//78 363//78
f 306//78 364//79 363//78
f 306//78 307//79 364//79
f 307//79 365//80 364//79
f 307//79 308//80 365//80
f 308//80 366//81 365//80
f 308//80 309//81 366//81
f 309//81 367//82 366//81
f 309//81 310//82 367//82
f 310//82 368//83 367//82
f 310//82 311//83 368//83
f 311//83 369//84 368//83
f 311//83 312//84 369//84
f 312//84 370//85 369//84
f 312//84 313//85 370//85
f 313//85 371//86 370//85
f 313//85 314//86 371//86
f 314//86 372//87 371//86
f 314//86 315//87 372//87
f 315//87 373//88 372//87
f 315//87 316//88 373//88
f 316//88 374//89 373//88
f 316//88 317//89 374//89
f 317//89 375//90 374//89
f 317//89 318//90 375//90
f 318//90 376//91 375//90
f 318//90 319//91 376//91
f 319//91 377//92 376//91
f 319//91 320//92 377//92
f 320//92 378//93 377//92
f 320//92 321//93 378//93
f 321//93 379//94 378//93
f 321//93 322//94 379//94
f 322//94 380//95 379//94
f 322//94 323//95 380//95
f 323//95 381//96 380//95
f 323//95 324//96 381//96
f 324//96 382//97 381//96
f 324//96 325//97 382//97
f 325//97 383//98 382//97
f 325//97 326//98 383//98
f 326//98 384//99 383//98
f 326//98 327//99 384//99
f 327//99 385//100 384//99
f 327//99 328//100 385//100
f 328//100 386//101 385//100
f 328//100 329//101 386//101
f 329//101 387//102 386//101
f 329//101 330//102 387//102
f 330//102 388//103 387//102
f 330//102 331//103 388//103
f 331//103 389//104 388//103
f 331//103 332//104 389//104
f 332//104 390//105 389//104
f 332//104 333//105 390//105
f 333//105 391//106 390//105
f 333//105 334//106 391//106
f 334//106 392//107 391//106
f 334//106 335//107 392//107
f 335//107 393//108 392//107
f 335//107 336//108 393//108
f 336//108 394//109 393//108
f 336//108 337//109 394//109
f 337//109 395//110 394//109
f 337//109 338//110 395//110
f 338//110 396//111 395//110
f 338//110 339//111 396//111
f 339//111 397//112 396//111
f 339//111 340//112 397//112
f 340//112 398//113 397//112
f 340//112 341//113 398//113
f 341//113 399//114 398//113
f 341//113 342//114 399//114
f 342//114 400//115 399//114
f 342//114 343//115 400//115
f 343//115 401//116 400//115
f 343//115 344//116 401//116
f 344//116 402//117 401//116
f 344//116 345//117 402//117
f 345//117 403//118 402//117
f 345//117 346//118 403//118
f 348//233 404//234 405//233
f 348//233 347//234 404//234
f 347//234 406//235 404//234
f 347//234 349//235 406//235
f 349//235 407//236 406//235
f 349//235 350//236 407//236
f 350//236 408//237 407//236
f 350//236 351//237 408//237
f 351//237 409//238 408//237
f 351//237 352//238 409//238
f 352//238 410//239 409//238
f 352//238 353//239 410//239
f 353//239 411//240 410//239
f 353//239 354//240 411//240
f 354//240 412//241 411//240
f 354//240 355//241 412//241
f 355//241 413//242 412//241
f 355//241 356//242 413//242
f 356//242 414//243 413//242
f 356//242 357//243 414//243
f 357//243 415//244 414//243
f 357//243 358//244 415//244
f 358//244 416//245 415//244
f 358//244 359//245 416//245
f 359//245 417//246 416//245
f 359//245 360//246 417//246
f 360//246 418//247 417//246
f 360//246 361//247 418//247
f 361//247 419//248 418//247
f 361//247 362//248 419//248
f 362//248 420//249 419//248
f 362//248 363//249 420//249
f 363//249 421//250 420//249
f 363//249 364//250 421//250
f 364//250 422//251 421//250
f 364//250 365//251 422//251
f 365//251 423//252 422//251
f 365//251 366//252 423//252
f 366//252 424//253 423//252
f 366//252 367//253 424//253
f 367//253 425//254 424//253
f 367//253 368//254 425//254
f 368//254 426//255 425//254
f 368//254 369//255 426//255
f 369//255 427//256 426//255
f 369//255 370//256 427//256
f 370//256 428//257 427//256
f 370//256 371//257 428//257
f 371//257 429//258 428//257
f 371//257 372//258 429//258
f 372//258 430//259 429//258
f 372//258 373//259 430//259
f 373//259 431//260 430//259
f 373//259 374//260 431//260
f 374//260 432//261 431//260
f 374//260 375//261 432//261
f 375//261 433//262 432//261
f 375//261 376//262 433//262
f 376//262 434//263 433//262
f 376//262 377//263 434//263
f 377//263 435//264 434//263
f 377//263 378//264 435//264
f 378//264 436//265 435//264
f 378//264 379//265 436//265
f 379//265 437//266 436//265
f 379//265 380//266 437//266
f 380//266 438//267 437//266
f 380//266 381//267 438//267
f 381//267 439//268 438//267
f 381//267 382//268 439//268
f 382//268 440//269 439//268
f 382//268 383//269 440//269
f 383//269 441//270 440//269
f 383//269 384//270 441//270
f 384//270 442//271 441//270
f 384//270 385//271 442//271
f 385//271 443//272 442//271
f 385//271 386//272 443//272
f 386//272 444//273 443//272
f 386//272 387//273 444//273
f 387//273 445//274 444//273
f 387//273 388//274 445//274
f 388//274 446//275 445//274
f 388//274 389//275 446//275
f 389//275 447//276 446//275
f 389//275 390//276 447//276
f 390//276 448//277 447//276
f 390//276 391//277 448//277
f 391//277 449//278 448//277
f 391//277 392//278 449//278
f 392//278 450//279 449//278
f 392//278 393//279 450//279
f 393//279 451//280 450//279
f 393//279 394//280 451//280
f 394//280 452//281 451//280
f 394//280 395//281 452//281
f 395//281 453//282 452//281
f 395//281 396//282 453//282
f 396//282 454//283 453//282
f 396//282 397//283 454//283
f 397//283 455//284 454//283
f 397//283 398//284 455//284
f 398//284 456//285 455//284
f 398//284 399//285 456//285
f 399//285 457//286 456//285
f 399//285 400//286 457//286
f 400//286 458//287 457//286
f 400//286 401//287 458//287
f 401//287 459//288 458//287
f 401//287 402//288 459//288
f 402//288 460//289 459//288
f 402//288 403//289 460//289
f 405//62 461//63 462//62
f 405//62 404//63 461//63
f 404//63 463//64 461//63
f 404//63 406//64 463//64
f 406//64 464//65 463//64
f 406//64 407//65 464//65
f 407//65 465//66 464//65
f 407//65 408//66 465//66
f 408//66 466//67 465//66
f 408//66 409//67 466//67
f 409//67 467//68 466//67
f 409//67 410//68 467//68
f 410//68 468//69 467//68
f 410//68 411//69 468//69
f 411//69 469//70 468//69
f 411//69 412//70 469//70
f 412//70 470//71 469//70
f 412//70 413//71 470//71
f 413//71 471//72 470//71
f 413//71 414//72 471//72
f 414//72 472//73 471//72
f 414//72 415//73 472//73
f 415//73 473//74 472//73
f 415//73 416//74 473//74
f 416//74 474//75 473//74
f 416//74 417//75 474//75
f 417//75 475//76 474//75
f 417//75 418//76 475//76
f 418//76 476//77 475//76
f 418//76 419//77 476//77
f 419//77 477//78 476//77
f 419//77 420//78 477//78
f 420//78 478//79 477//78
f 420//78 421//79 478//79
f 421//79 479//80 478//79
f 421//79 422//80 479//80
f 422//80 480//81 479//80
f 422//80 423//81 480//81
f 423//81 481//82 480//81
f 423//81 424//82 481//82
f 424//82 482//83 481//82
f 424//82 425//83 482//83
f 425//83 483//84 482//83
f 425//83 426//84 483//84
f 426//84 484//85 483//84
f 426//84 427//85 484//85
f 427//85 485//86 484//85
f 427//85 428//86 485//86
f 428//86 486//87 485//86
f 428//86 429//87 486//87
f 429//87 487//88 486//87
f 429//87 430//88 487//88
f 430//88 488//89 487//88
f 430//88 431//89 488//89
f 431//89 489//90 488//89
f 431//89 432//90 489//90
f 432//90 490//91 489//90
f 432//90 433//91 490//91
f 433//91 491//92 490//91
f 433//91 434//92 491//92
f 434//92 492//93 491//92
f 434//92 435//93 492//93
f 435//93 493//94 492//93
f 435//93 436//94 493//94
f 436//94 494//95 493//94
f 436//94 437//95 494//95
f 437//95 495//96 494//95
f 437//95 438//96 495//96
f 438//96 496//97 495//96
f 438//96 439//97 496//97
f 439//97 497//98 496//97
f 439//97 440//98 497//98
f 440//98 498//99 497//98
f 440//98 441//99 498//99
f 441//99 499//100 498//99
f 441//99 442//100 499//100
f 442//100 500//101 499//100
f 442//100 443//101 500//101
f 443//101 501//102 500//101
f 443//101 444//102 501//102
f 444//102 502//103 501//102
f 444//102 445//103 502//103
f 445//103 503//104 502//103
f 445//103 446//104 503//104
f 446//104 504//105 503//104
f 446//104 447//105 504//105
f 447//105 505//106 504//105
f 447//105 448//106 505//106
f 448//106 506//107 505//106
f 448//106 449//107 506//107
f 449//107 507//108 506//107
f 449//107 450//108 507//108
f 450//108 508//109 507//108
f 450//108 451//109 508//109
f 451//109 509//110 508//109
f 451//109 452//110 509//110
f 452//110 510//111 509//110
f 452//110 453//111 510//111
f 453//111 511//112 510//111
f 453//111 454//112 511//112
f 454//112 512//113 511//112
f 454//112 455//113 512//113
f 455//113 513//114 512//113
f 455//113 456//114 513//114
f 456//114 514//115 513//114
f 456//114 457//115 514//115
f 457//115 515//116 514//115
f 457//115 458//116 515//116
f 458//116 516//117 515//116
f 458//116 459//117 516//117
f 459//117 517//118 516//117
f 459//117 460//118 517//118
f 462//176 518//177 519//176
f 462//176 461//177 518//177
f 461//177 520//178 518//177
f 461//177 463//178 520//178
f 463//178 521//179 520//178
f 463//178 464//179 521//179
f 464//179 522//180 521//179
f 464//179 465//180 522//180
f 465//180 523//181 522//180
f 465//180 466//181 523//181
f 466//181 524//182 523//181
f 466//181 467//182 524//182
f 467//182 525//183 524//182
f 467//182 468//183 525//183
f 468//183 526//184 525//183
f 468//183 469//184 526//184
f 469//184 527//185 526//184
f 469//184 470//185 527//185
f 470//185 528//186 527//185
f 470//185 471//186 528//186
f 471//186 529//187 528//186
f 471//186 472//187 529//187
f 472//187 530//188 529//187
f 472//187 473//188 530//188
f 473//188 531//189 530//188
f 473//188 474//189 531//189
f 474//189 532//190 531//189
f 474//189 475//190 532//190
f 475//190 533//191 532//190
f 475//190 476//191 533//191
f 476//191 534//192 533//191
f 476//191 477//192 534//192
f 477//192 535//193 534//192
f 477//192 478//193 535//193
f 478//193 536//194 535//193
f 478//193 479//194 536//194
f 479//194 537//195 536//194
f 479//194 480//195 537//195
f 480//195 538//196 537//195
f 480//195 481//196 538//196
f 481//196 539//197 538//196
f 481//196 482//197 539//197
f 482//197 540//198 539//197
f 482//197 483//198 540//198
f 483//198 541//199 540//198
f 483//198 484//199 541//199
f 484//199 542//200 541//199
f 484//199 485//200 542//200
f 485//200 543//201 542//200
f 485//200 486//201 543//201
f 486//201 544//202 543//201
f 486//201 487//202 544//202
f 487//202 545//203 544//202
f 487//202 488//203 545//203
f 488//203 546//204 545//203
f 488//203 489//204 546//204
f 489//204 547//205 546//204
f 489//204 490//205 547//205
f 490//205 548//206 547//205
f 490//205 491//206 548//206
f 491//206 549//207 548//206
f 491//206 492//207 549//207
f 492//207 550//208 549//207
f 492//207 493//208 550//208
f 493//208 551//209 550//208
f 493//208 494//209 551//209
f 494//209 552//210 551//209
f 494//209 495//210 552//210
f 495//210 553//211 552//210
f 495//210 496//211 553//211
f 496//211 554//212 553//211
f 496//211 497//212 554//212
f 497//212 555//213 554//212
f 497//212 498//213 555//213
f 498//213 556//214 555//213
f 498//213 499//214 556//214
f 499//214 557//215 556//214
f 499//214 500//215 557//215
f 500//215 558//216 557//215
f 500//215 501//216 558//216
f 501//216 559//217 558//216
f 501//216 502//217 559//217
f 502//217 560//218 559//217
f 502//217 503//218 560//218
f 503//218 561//219 560//218
f 503//218 504//219 561//219
f 504//219 562//220 561//219
f 504//219 505//220 562//220
f 505//220 563//221 562//220
f 505//220 506//221 563//221
f 506//221 564//222 563//221
f 506//221 507//222 564//222
f 507//222 565//223 564//222
f 507//222 508//223 565//223
f 508//223 566//224 565//223
f 508//223 509//224 566//224
f 509//224 567//225 566//224
f 509//224 510//225 567//225
f 510//225 568//226 567//225
f 510//225 511//226 568//226
f 511//226 569//227 568//226
f 511//226 512//227 569//227
f 512//227 570//228 569//227
f 512//227 513//228 570//228
f 513//228 571//229 570//228
f 513//228 514//229 571//229
f 514//229 572//230 571//229
f 514//229 515//230 572//230
f 515//230 573//231 572//230
f 515//230 516//231 573//231
f 516//231 574//232 573//231
f 516//231 517//232 574//232
f 519//62 575//63 576//62
f 519//62 518//63 575//63
f 518//63 577//64 575//63
f 518//63 520//64 577//64
f 520//64 578//65 577//64
f 520//64 521//65 578//65
f 521//65 579//66 578//65
f 521//65 522//66 579//66
f 522//66 580//67 579//66
f 522//66 523//67 580//67
f 523//67 581//68 580//67
f 523//67 524//68 581//68
f 524//68 582//69 581//68
f 524//68 525//69 582//69
f 525//69 583//70 582//69
f 525//69 526//70 583//70
f 526//70 584//71 583//70
f 526//70 527//71 584//71
f 527//71 585//72 584//71
f 527//71 528//72 585//72
f 528//72 586//73 585//72
f 528//72 529//73 586//73
f 529//73 587//74 586//73
f 529//73 530//74 587//74
f 530//74 588//75 587//74
f 530//74 531//75 588//75
f 531//75 589//76 588//75
f 531//75 532//76 589//76
f 532//76 590//77 589//76
f 532//76 533//77 590//77
f 533//77 591//78 590//77
f 533//77 534//78 591//78
f 534//78 592//79 591//78
f 534//78 535//79 592//79
f 535//79 593//80 592//79
f 535//79 536//80 593//80
f 536//80 594//81 593//80
f 536//80 537//81 594//81
f 537//81 595//82 594//81
f 537//81 538//82 595//82
f 538//82 596//83 595//82
f 538//82 539//83 596//83
f 539//83 597//84 596//83
f 539//83 540//84 597//84
f 540//84 598//85 597//84
f 540//84 541//85 598//85
f 541//85 599//86 598//85
f 541//85 542//86 599//86
f 542//86 600//87 599//86
f 542//86 543//87 600//87
f 543//87 601//88 600//87
f 543//87 544//88 601//88
f 544//88 602//89 601//88
f 544//88 545//89 602//89
f 545//89 603//90 602//89
f 545//89 546//90 603//90
f 546//90 604//91 603//90
f 546//90 547//91 604//91
f 547//91 605//92 604//91
f 547//91 548//92 605//92
f 548//92 606//93 605//92
f 548//92 549//93 606//93
f 549//93 607//94 606//93
f 549//93 550//94 607//94
f 550//94 608//95 607//94
f 550//94 551//95 608//95
f 551//95 609//96 608//95
f 551//95 552//96 609//96
f 552//96 610//97 609//96
f 552//96 553//97 610//97
f 553//97 611//98 610//97
f 553//97 554//98 611//98
f 554//98 612//99 611//98
f 554//98 555//99 612//99
f 555//99 613//100 612//99
f 555//99 556//100 613//100
f 556//100 614//101 613//100
f 556//100 557//101 614//101
f 557//101 615//102 614//101
f 557//101 558//102 615//102
f 558//102 616//103 615//102
f 558//102 559//103 616//103
f 559//103 617//104 616//103
f 559//103 560//104 617//104
f 560//104 618//105 617//104
f 560//104 561//105 618//105
f 561//105 619//106 618//105
f 561//105 562//106 619//106
f 562//106 620//107 619//106
f 562//106 563//107 620//107
f 563//107 621//108 620//107
f 563//107 564//108 621//108
f 564//108 622//109 621//108
f 564//108 565//109 622//109
f 565//109 623//110 622//109
f 565//109 566//110 623//110
f 566//110 624//111 623//110
f 566//110 567//111 624//111
f 567//111 625//112 624//111
f 567//111 568//112 625//112
f 568//112 626//113 625//112
f 568//112 569//113 626//113
f 569//113 627//114 626//113
f 569//113 570//114 627//114
f 570//114 628//115 627//114
f 570//114 571//115 628//115
f 571//115 629//116 628//115
f 571//115 572//116 629//116
f 572//116 630//117 629//116
f 572//116 573//117 630//117
f 573//117 631//118 630//117
f 573//117 574//118 631//118
f 576//233 632//234 633//233
f 576//233 575//234 632//234
f 575//234 634//235 632//234
f 575//234 577//235 634//235
f 577//235 635//236 634//235
f 577//235 578//236 635//236
f 578//236 636//237 635//236
f 578//236 579//237 636//237
f 579//237 637//238 636//237
f 579//237 580//238 637//238
f 580//238 638//239 637//238
f 580//238 581//239 638//239
f 581//239 639//240 638//239
f 581//239 582//240 639//240
f 582//240 640//241 639//240
f 582//240 583//241 640//241
f 583//241 641//242 640//241
f 583//241 584//242 641//242
f 584//242 642//243 641//242
f 584//242 585//243 642//243
f 585//243 643//244 642//243
f 585//243 586//244 643//244
f 586//244 644//245 643//244
f 586//244 587//245 644//245
f 587//245 645//246 644//245
f 587//245 588//246 645//246
f 588//246 646//247 645//246
f 588//246 589//247 646//247
f 589//247 647//248 646//247
f 589//247 590//248 647//248
f 590//248 648//249 647//248
f 590//248 591//249 648//249
f 591//249 649//250 648//249
f 591//249 592//250 649//250
f 592//250 650//251 649//250
f 592//250 593//251 650//251
f 593//251 651//252 650//251
f 593//251 594//252 651//252
f 594//252 652//253 651//252
f 594//252 595//253 652//253
f 595//253 653//254 652//253
f 595//253 596//254 653//254
f 596//254 654//255 653//254
f 596//254 597//255 654//255
f 597//255 655//256 654//255
f 597//255 598//256 655//256
f 598//256 656//257 655//256
f 598//256 599//257 656//257
f 599//257 657//258 656//257
f 599//257 600//258 657//258
f 600//258 658//259 657//258
f 600//258 601//259 658//259
f 601//259 659//260 658//259
f 601//259 602//260 659//260
f 602//260 660//261 659//260
f 602//260 603//261 660//261
f 603//261 661//262 660//261
f 603//261 604//262 661//262
f 604//262 662//263 661//262
f 604//262 605//263 662//263
f 605//263 663//264 662//263
f 605//263 606//264 663//264
f 606//264 664//265 663//264
f 606//264 607//265 664//265
f 607//265 665//266 664//265
f 607//265 608//266 665//266
f 608//266 666//267 665//266
f 608//266 609//267 666//267
f 609//267 667//268 666//267
f 609//267 610//268 667//268
f 610//268 668//269 667//268
f 610//268 611//269 668//269
f 611//269 669//270 668//269
f 611//269 612//270 669//270
f 612//270 670//271 669//270
f 612//270 613//271 670//271
f 613//271 671//272 670//271
f 613//271 614//272 671//272
f 614//272 672//273 671//272
f 614//272 615//273 672//273
f 615//273 673//274 672//273
f 615//273 616//274 673//274
f 616//274 674//275 673//274
f 616//274 617//275 674//275
f 617//275 675//276 674//275
f 617//275 618//276 675//276
f 618//276 676//277 675//276
f 618//276 619//277 676//277
f 619//277 677//278 676//277
f 619//277 620//278 677//278
f 620//278 678//279 677//278
f 620//278 621//279 678//279
f 621//279 679//280 678//279
f 621//279 622//280 679//280
f 622//280 680//281 679//280
f 622//280 623//281 680//281
f 623//281 681//282 680//281
f 623//281 624//282 681//282
f 624//282 682//283 681//282
f 624//282 625//283 682//283
f 625//283 683//284 682//283
f 625//283 626//284 683//284
f 626//284 684//285 683//284
f 626//284 627//285 684//285
f 627//285 685//286 684//285
f 627//285 628//286 685//286
f 628//286 686//287 685//286
f 628//286 629//287 686//287
f 629//287 687//288 686//287
f 629//287 630//288 687//288
f 630//288 688//289 687//288
f 630//288 631//289 688//289
f 633//62 689//63 690//62
f 633//62 632//63 689//63
f 632//63 691//64 689//63
f 632//63 634//64 691//64
f 634//64 692//65 691//64
f 634//64 635//65 692//65
f 635//65 693//66 692//65
f 635//65 636//66 693//66
f 636//66 694//67 693//66
f 636//66 637//67 694//67
f 637//67 695//68 694//67
f 637//67 638//68 695//68
f 638//68 696//69 695//68
f 638//68 639//69 696//69
f 639//69 697//70 696//69
f 639//69 640//70 697//70
f 640//70 698//71 697//70
f 640//70 641//71 698//71
f 641//71 699//72 698//71
f 641//71 642//72 699//72
f 642//72 700//73 699//72
f 642//72 643//73 700//73
f 643//73 701//74 700//73
f 643//73 644//74 701//74
f 644//74 702//75 701//74
f 644//74 645//75 702//75
f 645//75 703//76 702//75
f 645//75 646//76 703//76
f 646//76 704//77 703//76
f 646//76 647//77 704//77
f 647//77 705//78 704//77
f 647//77 648//78 705//78
f 648//78 706//79 705//78
f 648//78 649//79 706//79
f 649//79 707//80 706//79
f 649//79 650//80 707//80
f 650//80 708//81 707//80
f 650//80 651//81 708//81
f 651//81 709//82 708//81
f 651//81 652//82 709//82
f 652//82 710//83 709//82
f 652//82 653//83 710//83
f 653//83 711//84 710//83
f 653//83 654//84 711//84
f 654//84 712//85 711//84
f 654//84 655//85 712//85
f 655//85 713//86 712//85
f 655//85 656//86 713//86
f 656//86 714//87 713//86
f 656//86 657//87 714//87
f 657//87 715//88 714//87
f 657//87 658//88 715//88
f 658//88 716//89 715//88
f 658//88 659//89 716//89
f 659//89 717//90 716//89
f 659//89 660//90 717//90
f 660//90 718//91 717//90
f 660//90 661//91 718//91
f 661//91 719//92 718//91
f 661//91 662//92 719//92
f 662//92 720//93 719//92
f 662//92 663//93 720//93
f 663//93 721//94 720//93
f 663//93 664//94 721//94
f 664//94 722//95 721//94
f 664//94 665//95 722//95
f 665//95 723//96 722//95
f 665//95 666//96 723//96
f 666//96 724//97 723//96
f 666//96 667//97 724//97
f 667//97 725//98 724//97
f 667//97 668//98 725//98
f 668//98 726//99 725//98
f 668//98 669//99 726//99
f 669//99 727//100 726//99
f 669//99 670//100 727//100
f 670//100 728//101 727//100
f 670//100 671//101 728//101
f 671//101 729//102 728//101
f 671//101 672//102 729//102
f 672//102 730//103 729//102
f 672//102 673//103 730//103
f 673//103 731//104 730//103
f 673//103 674//104 731//104
f 674//104 732//105 731//104
f 674//104 675//105 732//105
f 675//105 733//106 732//105
f 675//105 676//106 733//106
f 676//106 734//107 733//106
f 676//106 677//107 734//107
f 677//107 735//108 734//107
f 677//107 678//108 735//108
f 678//108 736//109 735//108
f 678//108 679//109 736//109
f 679//109 737//110 736//109
f 679//109 680//110 737//110
f 680//110 738//111 737//110
f 680//110 681//111 738//111
f 681//111 739//112 738//111
f 681//111 682//112 739//112
f 682//112 740//113 739//112
f 682//112 683//113 740//113
f 683//113 741//114 740//113
f 683//113 684//114 741//114
f 684//114 742//115 741//114
f 684//114 685//115 742//115
f 685//115 743//116 742//115
f 685//115 686//116 743//116
f 686//116 744//117 743//116
f 686//116 687//117 744//117
f 687//117 745//118 744//117
f 687//117 688//118 745//118
f 690//176 746//177 747//176
f 690//176 689//177 746//177
f 689//177 748//178 746//177
f 689//177 691//178 748//178
f 691//178 749//179 748//178
f 691//178 692//179 749//179
f 692//179 750//180 749//179
f 692//179 693//180 750//180
f 693//180 751//181 750//180
f 693//180 694//181 751//181
f 694//181 752//182 751//181
f 694//181 695//182 752//182
f 695//182 753//183 752//182
f 695//182 696//183 753//183
f 696//183 754//184 753//183
f 696//183 697//184 754//184
f 697//184 755//185 754//184
f 697//184 698//185 755//185
f 698//185 756//186 755//185
f 698//185 699//186 756//186
f 699//186 757//187 756//186
f 699//186 700//187 757//187
f 700//187 758//188 757//187
f 700//187 701//188 758//188
f 701//188 759//189 758//188
f 701//188 702//189 759//189
f 702//189 760//190 759//189
f 702//189 703//190 760//190
f 703//190 761//191 760//190
f 703//190 704//191 761//191
f 704//191 762//192 761//191
f 704//191 705//192 762//192
f 705//192 763//193 762//192
f 705//192 706//193 763//193
f 706//193 764//194 763//193
f 706//193 707//194 764//194
f 707//194 765//195 764//194
f 707//194 708//195 765//195
f 708//195 766//196 765//195
f 708//195 709//196 766//196
f 709//196 767//197 766//196
f 709//196 710//197 767//197
f 710//197 768//198 767//197
f 710//197 711//198 768//198
f 711//198 769//199 768//198
f 711//198 712//199 769//199
f 712//199 770//200 769//199
f 712//199 713//200 770//200
f 713//200 771//201 770//200
f 713//200 714//201 771//201
f 714//201 772//202 771//201
f 714//201 715//202 772//202
f 715//202 773//203 772//202
f 715//202 716//203 773//203
f 716//203 774//204 773//203
f 716//203 717//204 774//204
f 717//204 775//205 774//204
f 717//204 718//205 775//205
f 718//205 776//206 775//205
f 718//205 719//206 776//206
f 719//206 777//207 776//206
f 719//206 720//207 777//207
f 720//207 778//208 777//207
f 720//207 721//208 778//208
f 721//208 779//209 778//208
f 721//208 722//209 779//209
f 722//209 780//210 779//209
f 722//209 723//210 780//210
f 723//210 781//211 780//210
f 723//210 724//211 781//211
f 724//211 782//212 781//211
f 724//211 725//212 782//212
f 725//212 783//213 782//212
f 725//212 726//213 783//213
f 726//213 784//214 783//213
f 726//213 727//214 784//214
f 727//214 785//215 784//214
f 727//214 728//215 785//215
f 728//215 786//216 785//215
f 728//215 729//216 786//216
f 729//216 787//217 786//216
f 729//216 730//217 787//217
f 730//217 788//218 787//217
f 730//217 731//218 788//218
f 731//218 789//219 788//218
f 731//218 732//219 789//219
f 732//219 790//220 789//219
f 732//219 733//220 790//220
f 733//220 791//221 790//220
f 733//220 734//221 791//221
f 734//221 792//222 791//221
f 734//221 735//222 792//222
f 735//222 793//223 792//222
f 735//222 736//223 793//223
f 736//223 794//224 793//223
f 736//223 737//224 794//224
f 737//224 795//225 794//224
f 737//224 738//225 795//225
f 738//225 796//226 795//225
f 738//225 739//226 796//226
f 739//226 797//227 796//226
f 739//226 740//227 797//227
f 740//227 798//228 797//227
f 740//227 741//228 798//228
f 741//228 799//229 798//228
f 741//228 742//229 799//229
f 742//229 800//230 799//229
f 742//229 743//230 800//230
f 743//230 801//231 800//230
f 743//230 744//231 801//231
f 744//231 802//232 801//231
f 744//231 745//232 802//232
f 747//62 803//63 804//62
f 747//62 746//63 803//63
f 746//63 805//64 803//63
f 746//63 748//64 805//64
f 748//64 806//65 805//64
f 748//64 749//65 806//65
f 749//65 807//66 806//65
f 749//65 750//66 807//66
f 750//66 808//67 807//66
f 750//66 751//67 808//67
f 751//67 809//68 808//67
f 751//67 752//68 809//68
f 752//68 810//69 809//68
f 752//68 753//69 810//69
f 753//69 811//70 810//69
f 753//69 754//70 811//70
f 754//70 812//71 811//70
f 754//70 755//71 812//71
f 755//71 813//72 812//71
f 755//71 756//72 813//72
f 756//72 814//73 813//72
f 756//72 757//73 814//73
f 757//73 815//74 814//73
f 757//73 758//74 815//74
f 758//74 816//75 815//74
f 758//74 759//75 816//75
f 759//75 817//76 816//75
f 759//75 760//76 817//76
f 760//76 818//77 817//76
f 760//76 761//77 818//77
f 761//77 819//78 818//77
f 761//77 762//78 819//78
f 762//78 820//79 819//78
f 762//78 763//79 820//79
f 763//79 821//80 820//79
f 763//79 764//80 821//80
f 764//80 822//81 821//80
f 764//80 765//81 822//81
f 765//81 823//82 822//81
f 765//81 766//82 823//82
f 766//82 824//83 823//82
f 766//82 767//83 824//83
f 767//83 825//84 824//83
f 767//83 768//84 825//84
f 768//84 826//85 825//84
f 768//84 769//85 826//85
f 769//85 827//86 826//85
f 769//85 770//86 827//86
f 770//86 828//87 827//86
f 770//86 771//87 828//87
f 771//87 829//88 828//87
f 771//87 772//88 829//88
f 772//88 830//89 829//88
f 772//88 773//89 830//89
f 773//89 831//90 830//89
f 773//89 774//90 831//90
f 774//90 832//91 831//90
f 774//90 775//91 832//91
f 775//91 833//92 832//91
f 775//91 776//92 833//92
f 776//92 834//93 833//92
f 776//92 777//93 834//93
f 777//93 835//94 834//93
f 777//93 778//94 835//94
f 778//94 836//95 835//94
f 778//94 779//95 836//95
f 779//95 837//96 836//95
f 779//95 780//96 837//96
f 780//96 838//97 837//96
f 780//96 781//97 838//97
f 781//97 839//98 838//97
f 781//97 782//98 839//98
f 782//98 840//99 839//98
f 782//98 783//99 840//99
f 783//99 841//100 840//99
f 783//99 784//100 841//100
f 784//100 842//101 841//100
f 784//100 785//101 842//101
f 785//101 843//102 842//101
f 785//101 786//102 843//102
f 786//102 844//103 843//102
f 786//102 787//103 844//103
f 787//103 845//104 844//103
f 787//103 788//104 845//104
f 788//104 846//105 845//104
f 788//104 789//105 846//105
f 789//105 847//106 846//105
f 789//105 790//106 847//106
f 790//106 848//107 847//106
f 790//106 791//107 848//107
f 791//107 849//108 848//107
f 791//107 792//108 849//108
f 792//108 850//109 849//108
f 792//108 793//109 850//109
f 793//109 851//110 850//109
f 793//109 794//110 851//110
f 794//110 852//111 851//110
f 794//110 795//111 852//111
f 795//111 853//112 852//111
f 795//111 796//112 853//112
f 796//112 854//113 853//112
f 796//112 797//113 854//113
f 797//113 855//114 854//113
f 797//113 798//114 855//114
f 798//114 856//115 855//114
f 798//114 799//115 856//115
f 799//115 857//116 856//115
f 799//115 800//116 857//116
f 800//116 858//117 857//116
f 800//116 801//117 858//117
f 801//117 859//118 858//117
f 801//117 802//118 859//118
f 804//233 860//234 861//233
f 804//233 803//234 860//234
f 803//234 862//235 860//234
f 803//234 805//235 862//235
f 805//235 863//236 862//235
f 805//235 806//236 863//236
f 806//236 864//237 863//236
f 806//236 807//237 864//237
f 807//237 865//238 864//237
f 807//237 808//238 865//238
f 808//238 866//239 865//238
f 808//238 809//239 866//239
f 809//239 867//240 866//239
f 809//239 810//240 867//240
f 810//240 868//241 867//240
f 810//240 811//241 868//241
f 811//241 869//242 868//241
f 811//241 812//242 869//242
f 812//242 870//243 869//242
f 812//242 813//243 870//243
f 813//243 871//244 870//243
f 813//243 814//244 871//244
f 814//244 872//245 871//244
f 814//244 815//245 872//245
f 815//245 873//246 872//245
f 815//245 816//246 873//246
f 816//246 874//247 873//246
f 816//246 817//247 874//247
f 817//247 875//248 874//247
f 817//247 818//248 875//248
f 818//248 876//249 875//248
f 818//248 819//249 876//249
f 819//249 877//250 876//249
f 819//249 820//250 877//250
f 820//250 878//251 877//250
f 820//250 821//251 878//251
f 821//251 879//252 878//251
f 821//251 822//252 879//252
f 822//252 880//253 879//252
f 822//252 823//253 880//253
f 823//253 881//254 880//253
f 823//253 824//254 881//254
f 824//254 882//255 881//254
f 824//254 825//255 882//255
f 825//255 883//256 882//255
f 825//255 826//256 883//256
f 826//256 884//257 883//256
f 826//256 827//257 884//257
f 827//257 885//258 884//257
f 827//257 828//258 885//258
f 828//258 886//259 885//258
f 828//258 829//259 886//259
f 829//259 887//260 886//259
f 829//259 830//260 887//260
f 830//260 888//261 887//260
f 830//260 831//261 888//261
f 831//261 889//262 888//261
f 831//261 832//262 889//262
f 832//262 890//263 889//262
f 832//262 833//263 890//263
f 833//263 891//264 890//263
f 833//263 834//264 891//264
f 834//264 892//265 891//264
f 834//264 835//265 892//265
f 835//265 893//266 892//265
f 835//265 836//266 893//266
f 836//266 894//267 893//266
f 836//266 837//267 894//267
f 837//267 895//268 894//267
f 837//267 838//268 895//268
f 838//268 896//269 895//268
f 838//268 839//269 896//269
f 839//269 897//270 896//269
f 839//269 840//270 897//270
f 840//270 898//271 897//270
f 840//270 841//271 898//271
f 841//271 899//272 898//271
f 841//271 842//272 899//272
f 842//272 900//273 899//272
f 842//272 843//273 900//273
f 843//273 901//274 900//273
f 843//273 844//274 901//274
f 844//274 902//275 901//274
f 844//274 845//275 902//275
f 845//275 903//276 902//275
f 845//275 846//276 903//276
f 846//276 904//277 903//276
f 846//276 847//277 904//277
f 847//277 905//278 904//277
f 847//277 848//278 905//278
f 848//278 906//279 905//278
f 848//278 849//279 906//279
f 849//279 907//280 906//279
f 849//279 850//280 907//280
f 850//280 908//281 907//280
f 850//280 851//281 908//281
f 851//281 909//282 908//281
f 851//281 852//282 909//282
f 852//282 910//283 909//282
f 852//282 853//283 910//283
f 853//283 911//284 910//283
f 853//283 854//284 911//284
f 854//284 912//285 911//284
f 854//284 855//285 912//285
f 855//285 913//286 912//285
f 855//285 856//286 913//286
f 856//286 914//287 913//286
f 856//286 857//287 914//287
f 857//287 915//288 914//287
f 857//287 858//288 915//288
f 858//288 916//289 915//288
f 858//288 859//289 916//289
f 861//62 917//63 918//62
f 861//62 860//63 917//63
f 860//63 919//64 917//63
f 860//63 862//64 919//64
f 862//64 920//65 919//64
f 862//64 863//65 920//65
f 863//65 921//66 920//65
f 863//65 864//66 921//66
f 864//66 922//67 921//66
f 864//66 865//67 922//67
f 865//67 923//68 922//67
f 865//67 866//68 923//68
f 866//68 924//69 923//68
f 866//68 867//69 924//69
f 867//69 925//70 924//69
f 867//69 868//70 925//70
f 868//70 926//71 925//70
f 868//70 869//71 926//71
f 869//71 927//72 926//71
f 869//71 870//72 927//72
f 870//72 928//73 927//72
f 870//72 871//73 928//73
f 871//73 929//74 928//73
f 871//73 872//74 929//74
f 872//74 930//75 929//74
f 872//74 873//75 930//75
f 873//75 931//76 930//75
f 873//75 874//76 931//76
f 874//76 932//77 931//76
f 874//76 875//77 932//77
f 875//77 933//78 932//77
f 875//77 876//78 933//78
f 876//78 934//79 933//78
f 876//78 877//79 934//79
f 877//79 935//80 934//79
f 877//79 878//80 935//80
f 878//80 936//81 935//80
f 878//80 879//81 936//81
f 879//81 937//82 936//81
f 879//81 880//82 937//82
f 880//82 938//83 937//82
f 880//82 881//83 938//83
f 881//83 939//84 938//83
f 881//83 882//84 939//84
f 882//84 940//85 939//84
f 882//84 883//85 940//85
f 883//85 941//86 940//85
f 883//85 884//86 941//86
f 884//86 942//87 941//86
f 884//86 885//87 942//87
f 885//87 943//88 942//87
f 885//87 886//88 943//88
f 886//88 944//89 943//88
f 886//88 887//89 944//89
f 887//89 945//90 944//89
f 887//89 888//90 945//90
f 888//90 946//91 945//90
f 888//90 889//91 946//91
f 889//91 947//92 946//91
f 889//91 890//92 947//92
f 890//92 948//93 947//92
f 890//92 891//93 948//93
f 891//93 949//94 948//93
f 891//93 892//94 949//94
f 892//94 950//95 949//94
f 892//94 893//95 950//95
f 893//95 951//96 950//95
f 893//95 894//96 951//96
f 894//96 952//97 951//96
f 894//96 895//97 952//97
f 895//97 953//98 952//97
f 895//97 896//98 953//98
f 896//98 954//99 953//98
f 896//98 897//99 954//99
f 897//99 955//100 954//99
f 897//99 898//100 955//100
f 898//100 956//101 955//100
f 898//100 899//101 956//101
f 899//101 957//102 956//101
f 899//101 900//102 957//102
f 900//102 958//103 957//102
f 900//102 901//103 958//103
f 901//103 959//104 958//103
f 901//103 902//104 959//104
f 902//104 960//105 959//104
f 902//104 903//105 960//105
f 903//105 961//106 960//105
f 903//105 904//106 961//106
f 904//106 962//107 961//106
f 904//106 905//107 962//107
f 905//107 963//108 962//107
f 905//107 906//108 963//108
f 906//108 964//109 963//108
f 906//108 907//109 964//109
f 907//109 965//110 964//109
f 907//109 908//110 965//110
f 908//110 966//111 965//110
f 908//110 909//111 966//111
f 909//111 967//112 966//111
f 909//111 910//112 967//112
f 910//112 968//113 967//112
f 910//112 911//113 968//113
f 911//113 969//114 968//113
f 911//113 912//114 969//114
f 912//114 970//115 969//114
f 912//114 913//115 970//115
f 913//115 971//116 970//115
f 913//115 914//116 971//116
f 914//116 972//117 971//116
f 914//116 915//117 972//117
f 915//117 973//118 972//117
f 915//117 916//118 973//118
f 918//176 974//177 975//176
f 918//176 917//177 974//177
f 917//177 976//178 974//177
f 917//177 919//178 976//178
f 919//178 977//179 976//178
f 919//178 920//179 977//179
f 920//179 978//180 977//179
f 920//179 921//180 978//180
f 921//180 979//181 978//180
f 921//180 922//181 979//181
f 922//181 980//182 979//181
f 922//181 923//182 980//182
f 923//182 981//183 980//182
f 923//182 924//183 981//183
f 924//183 982//184 981//183
f 924//183 925//184 982//184
f 925//184 983//185 982//184
f 925//184 926//185 983//185
f 926//185 984//186 983//185
f 926//185 927//186 984//186
f 927//186 985//187 984//186
f 927//186 928//187 985//187
f 928//187 986//188 985//187
f 928//187 929//188 986//188
f 929//188 987//189 986//188
f 929//188 930//189 987//189
f 930//189 988//190 987//189
f 930//189 931//190 988//190
f 931//190 989//191 988//190
f 931//190 932//191 989//191
f 932//191 990//192 989//191
f 932//191 933//192 990//192
f 933//192 991//193 990//192
f 933//192 934//193 991//193
f 934//193 992//194 991//193
f 934//193 935//194 992//194
f 935//194 993//195 992//194
f 935//194 936//195 993//195
f 936//195 994//196 993//195
f 936//195 937//196 994//196
f 937//196 995//197 994//196
f 937//196 938//197 995//197
f 938//197 996//198 995//197
f 938//197 939//198 996//198
f 939//198 997//199 996//198
f 939//198 940//199 997//199
f 940//199 998//200 997//199
f 940//199 941//200 998//200
f 941//200 999//201 998//200
f 941//200 942//201 999//201
f 942//201 1000//202 999//201
f 942//201 943//202 1000//202
f 943//202 1001//203 1000//202
f 943//202 944//203 1001//203
f 944//203 1002//204 1001//203
f 944//203 945//204 1002//204
f 945//204 1003//205 1002//204
f 945//204 946//205 1003//205
f 946//205 1004//206 1003//205
f 946//205 947//206 1004//206
f 947//206 1005//207 1004//206
f 947//206 948//207 1005//207
f 948//207 1006//208 1005//207
f 948//207 949//208 1006//208
f 949//208 1007//209 1006//208
f 949//208 950//209 1007//209
f 950//209 1008//210 1007//209
f 950//209 951//210 1008//210
f 951//210 1009//211 1008//210
f 951//210 952//211 1009//211
f 952//211 1010//212 1009//211
f 952//211 953//212 1010//212
f 953//212 1011//213 1010//212
f 953//212 954//213 1011//213
f 954//213 1012//214 1011//213
f 954//213 955//214 1012//214
f 955//214 1013//215 1012//214
f 955//214 956//215 1013//215
f 956//215 1014//216 1013//215
f 956//215 957//216 1014//216
f 957//216 1015//217 1014//216
f 957//216 958//217 1015//217
f 958//217 1016//218 1015//217
f 958//217 959//218 1016//218
f 959//218 1017//219 1016//218
f 959//218 960//219 1017//219
f 960//219 1018//220 1017//219
f 960//219 961//220 1018//220
f 961//220 1019//221 1018//220
f 961//220 962//221 1019//221
f 962//221 1020//222 1019//221
f 962//221 963//222 1020//222
f 963//222 1021//223 1020//222
f 963//222 964//223 1021//223
f 964//223 1022//224 1021//223
f 964//223 965//224 1022//224
f 965//224 1023//225 1022//224
f 965//224 966//225 1023//225
f 966//225 1024//226 1023//225
f 966//225 967//226 1024//226
f 967//226 1025//227 1024//226
f 967//226 968//227 1025//227
f 968//227 1026//228 1025//227
f 968//227 969//228 1026//228
f 969//228 1027//229 1026//228
f 969//228 970//229 1027//229
f 970//229 1028//230 1027//229
f 970//229 971//230 1028//230
f 971//230 1029//231 1028//230
f 971//230 972//231 1029//231
f 972//231 1030//232 1029//231
f 972//231 973//232 1030//232
f 975//62 1031//63 1032//62
f 975//62 974//63 1031//63
f 974//63 1033//64 1031//63
f 974//63 976//64 1033//64
f 976//64 1034//65 1033//64
f 976//64 977//65 1034//65
f 977//65 1035//66 1034//65
f 977//65 978//66 1035//66
f 978//66 1036//67 1035//66
f 978//66 979//67 1036//67
f 979//67 1037//68 1036//67
f 979//67 980//68 1037//68
f 980//68 1038//69 1037//68
f 980//68 981//69 1038//69
f 981//69 1039//70 1038//69
f 981//69 982//70 1039//70
f 982//70 1040//71 1039//70
f 982//70 983//71 1040//71
f 983//71 1041//72 1040//71
f 983//71 984//72 1041//72
f 984//72 1042//73 1041//72
f 984//72 985//73 1042//73
f 985//73 1043//74 1042//73
f 985//73 986//74 1043//74
f 986//74 1044//75 1043//74
f 986//74 987//75 1044//75
f 987//75 1045//76 1044//75
f 987//75 988//76 1045//76
f 988//76 1046//77 1045//76
f 988//76 989//77 1046//77
f 989//77 1047//78 1046//77
f 989//77 990//78 1047//78
f 990//78 1048//79 1047//78
f 990//78 991//79 1048//79
f 991//79 1049//80 1048//79
f 991//79 992//80 1049//80
f 992//80 1050//81 1049//80
f 992//80 993//81 1050//81
f 993//81 1051//82 1050//81
f 993//81 994//82 1051//82
f 994//82 1052//83 1051//82
f 994//82 995//83 1052//83
f 995//83 1053//84 1052//83
f 995//83 996//84 1053//84
f 996//84 1054//85 1053//84
f 996//84 997//85 1054//85
f 997//85 1055//86 1054//85
f 997//85 998//86 1055//86
f 998//86 1056//87 1055//86
f 998//86 999//87 1056//87
f 999//87 1057//88 1056//87
f 999//87 1000//88 1057//88
f 1000//88 1058//89 1057//88
f 1000//88 1001//89 1058//89
f 1001//89 1059//90 1058//89
f 1001//89 1002//90 1059//90
f 1002//90 1060//91 1059//90
f 1002//90 1003//91 1060//91
f 1003//91 1061//92 1060//91
f 1003//91 1004//92 1061//92
f 1004//92 1062//93 1061//92
f 1004//92 1005//93 1062//93
f 1005//93 1063//94 1062//93
f 1005//93 1006//94 1063//94
f 1006//94 1064//95 1063//94
f 1006//94 1007//95 1064//95
f 1007//95 1065//96 1064//95
f 1007//95 1008//96 1065//96
f 1008//96 1066//97 1065//96
f 1008//96 1009//97 1066//97
f 1009//97 1067//98 1066//97
f 1009//97 1010//98 1067//98
f 1010//98 1068//99 1067//98
f 1010//98 1011//99 1068//99
f 1011//99 1069//100 1068//99
f 1011//99 1012//100 1069//100
f 1012//100 1070//101 1069//100
f 1012//100 1013//101 1070//101
f 1013//101 1071//102 1070//101
f 1013//101 1014//102 1071//102
f 1014//102 1072//103 1071//102
f 1014//102 1015//103 1072//103
f 1015//103 1073//104 1072//103
f 1015//103 1016//104 1073//104
f 1016//104 1074//105 1073//104
f 1016//104 1017//105 1074//105
f 1017//105 1075//106 1074//105
f 1017//105 1018//106 1075//106
f 1018//106 1076//107 1075//106
f 1018//106 1019//107 1076//107
f 1019//107 1077//108 1076//107
f 1019//107 1020//108 1077//108
f 1020//108 1078//109 1077//108
f 1020//108 1021//109 1078//109
f 1021//109 1079//110 1078//109
f 1021//109 1022//110 1079//110
f 1022//110 1080//111 1079//110
f 1022//110 1023//111 1080//111
f 1023//111 1081//112 1080//111
f 1023//111 1024//112 1081//112
f 1024//112 1082//113 1081//112
f 1024//112 1025//113 1082//113
f 1025//113 1083//114 1082//113
f 1025//113 1026//114 1083//114
f 1026//114 1084//115 1083//114
f 1026//114 1027//115 1084//115
f 1027//115 1085//116 1084//115
f 1027//115 1028//116 1085//116
f 1028//116 1086//117 1085//116
f 1028//116 1029//117 1086//117
f 1029//117 1087//118 1086//117
f 1029//117 1030//118 1087//118
f 1032//233 1088//234 1089//233
f 1032//233 1031//234 1088//234
f 1031//234 1090//235 1088//234
f 1031//234 1033//235 1090//235
f 1033//235 1091//236 1090//235
f 1033//235 1034//236 1091//236
f 1034//236 1092//237 1091//236
f 1034//236 1035//237 1092//237
f 1035//237 1093//238 1092//237
f 1035//237 1036//238 1093//238
f 1036//238 1094//239 1093//238
f 1036//238 1037//239 1094//239
f 1037//239 1095//240 1094//239
f 1037//239 1038//240 1095//240
f 1038//240 1096//241 1095//240
f 1038//240 1039//241 1096//241
f 1039//241 1097//242 1096//241
f 1039//241 1040//242 1097//242
f 1040//242 1098//243 1097//242
f 1040//242 1041//243 1098//243
f 1041//243 1099//244 1098//243
f 1041//243 1042//244 1099//244
f 1042//244 1100//245 1099//244
f 1042//244 1043//245 1100//245
f 1043//245 1101//246 1100//245
f 1043//245 1044//246 1101//246
f 1044//246 1102//247 1101//246
f 1044//246 1045//247 1102//247
f 1045//247 1103//248 1102//247
f 1045//247 1046//248 1103//248
f 1046//248 1104//249 1103//248
f 1046//248 1047//249 1104//249
f 1047//249 1105//250 1104//249
f 1047//249 1048//250 1105//250
f 1048//250 1106//251 1105//250
f 1048//250 1049//251 1106//251
f 1049//251 1107//252 1106//251
f 1049//251 1050//252 1107//252
f 1050//252 1108//253 1107//252
f 1050//252 1051//253 1108//253
f 1051//253 1109//254 1108//253
f 1051//253 1052//254 1109//254
f 1052//254 1110//255 1109//254
f 1052//254 1053//255 1110//255
f 1053//255 1111//256 1110//255
f 1053//255 1054//256 1111//256
f 1054//256 1112//257 1111//256
f 1054//256 1055//257 1112//257
f 1055//257 1113//258 1112//257
f 1055//257 1056//258 1113//258
f 1056//258 1114//259 1113//258
f 1056//258 1057//259 1114//259
f 1057//259 1115//260 1114//259
f 1057//259 1058//260 1115//260
f 1058//260 1116//261 1115//260
f 1058//260 1059//261 1116//261
f 1059//261 1117//262 1116//261
f 1059//261 1060//262 1117//262
f 1060//262 1118//263 1117//262
f 1060//262 1061//263 1118//263
f 1061//263 1119//264 1118//263
f 1061//263 1062//264 1119//264
f 1062//264 1120//265 1119//264
f 1062//264 1063//265 1120//265
f 1063//265 1121//266 1120//265
f 1063//265 1064//266 1121//266
f 1064//266 1122//267 1121//266
f 1064//266 1065//267 1122//267
f 1065//267 1123//268 1122//267
f 1065//267 1066//268 1123//268
f 1066//268 1124//269 1123//268
f 1066//268 1067//269 1124//269
f 1067//269 1125//270 1124//269
f 1067//269 1068//270 1125//270
f 1068//270 1126//271 1125//270
f 1068//270 1069//271 1126//271
f 1069//271 1127//272 1126//271
f 1069//271 1070//272 1127//272
f 1070//272 1128//273 1127//272
f 1070//272 1071//273 1128//273
f 1071//273 1129//274 1128//273
f 1071//273 1072//274 1129//274
f 1072//274 1130//275 1129//274
f 1072//274 1073//275 1130//275
f 1073//275 1131//276 1130//275
f 1073//275 1074//276 1131//276
f 1074//276 1132//277 1131//276
f 1074//276 1075//277 1132//277
f 1075//277 1133//278 1132//277
f 1075//277 1076//278 1133//278
f 1076//278 1134//279 1133//278
f 1076//278 1077//279 1134//279
f 1077//279 1135//280 1134//279
f 1077//279 1078//280 1135//280
f 1078//280 1136//281 1135//280
f 1078//280 1079//281 1136//281
f 1079//281 1137//282 1136//281
f 1079//281 1080//282 1137//282
f 1080//282 1138//283 1137//282
f 1080//282 1081//283 1138//283
f 1081//283 1139//284 1138//283
f 1081//283 1082//284 1139//284
f 1082//284 1140//285 1139//284
f 1082//284 1083//285 1140//285
f 1083//285 1141//286 1140//285
f 1083//285 1084//286 1141//286
f 1084//286 1142//287 1141//286
f 1084//286 1085//287 1142//287
f 1085//287 1143//288 1142//287
f 1085//287 1086//288 1143//288
f 1086//288 1144//289 1143//288
f 1086//288 1087//289 1144//289
f 1089//62 1145//63 1146//62
f 1089//62 1088//63 1145//63
f 1088//63 1147//64 1145//63
f 1088//63 1090//64 1147//64
f 1090//64 1148//65 1147//64
f 1090//64 1091//65 1148//65
f 1091//65 1149//66 1148//65
f 1091//65 1092//66 1149//66
f 1092//66 1150//67 1149//66
f 1092//66 1093//67 1150//67
f 1093//67 1151//68 1150//67
f 1093//67 1094//68 1151//68
f 1094//68 1152//69 1151//68
f 1094//68 1095//69 1152//69
f 1095//69 1153//70 1152//69
f 1095//69 1096//70 1153//70
f 1096//70 1154//71 1153//70
f 1096//70 1097//71 1154//71
f 1097//71 1155//72 1154//71
f 1097//71 1098//72 1155//72
f 1098//72 1156//73 1155//72
f 1098//72 1099//73 1156//73
f 1099//73 1157//74 1156//73
f 1099//73 1100//74 1157//74
f 1100//74 1158//75 1157//74
f 1100//74 1101//75 1158//75
f 1101//75 1159//76 1158//75
f 1101//75 1102//76 1159//76
f 1102//76 1160//77 1159//76
f 1102//76 1103//77 1160//77
f 1103//77 1161//78 1160//77
f 1103//77 1104//78 1161//78
f 1104//78 1162//79 1161//78
f 1104//78 1105//79 1162//79
f 1105//79 1163//80 1162//79
f 1105//79 1106//80 1163//80
f 1106//80 1164//81 1163//80
f 1106//80 1107//81 1164//81
f 1107//81 1165//82 1164//81
f 1107//81 1108//82 1165//82
f 1108//82 1166//83 1165//82
f 1108//82 1109//83 1166//83
f 1109//83 1167//84 1166//83
f 1109//83 1110//84 1167//84
f 1110//84 1168//85 1167//84
f 1110//84 1111//85 1168//85
f 1111//85 1169//86 1168//85
f 1111//85 1112//86 1169//86
f 1112//86 1170//87 1169//86
f 1112//86 1113//87 1170//87
f 1113//87 1171//88 1170//87
f 1113//87 1114//88 1171//88
f 1114//88 1172//89 1171//88
f 1114//88 1115//89 1172//89
f 1115//89 1173//90 1172//89
f 1115//89 1116//90 1173//90
f 1116//90 1174//91 1173//90
f 1116//90 1117//91 1174//91
f 1117//91 1175//92 1174//91
f 1117//91 1118//92 1175//92
f 1118//92 1176//93 1175//92
f 1118//92 1119//93 1176//93
f 1119//93 1177//94 1176//93
f 1119//93 1120//94 1177//94
f 1120//94 1178//95 1177//94
f 1120//94 1121//95 1178//95
f 1121//95 1179//96 1178//95
f 1121//95 1122//96 1179//96
f 1122//96 1180//97 1179//96
f 1122//96 1123//97 1180//97
f 1123//97 1181//98 1180//97
f 1123//97 1124//98 1181//98
f 1124//98 1182//99 1181//98
f 1124//98 1125//99 1182//99
f 1125//99 1183//100 1182//99
f 1125//99 1126//100 1183//100
f 1126//100 1184//101 1183//100
f 1126//100 1127//101 1184//101
f 1127//101 1185//102 1184//101
f 1127//101 1128//102 1185//102
f 1128//102 1186//103 1185//102
f 1128//102 1129//103 1186//103
f 1129//103 1187//104 1186//103
f 1129//103 1130//104 1187//104
f 1130//104 1188//105 1187//104
f 1130//104 1131//105 1188//105
f 1131//105 1189//106 1188//105
f 1131//105 1132//106 1189//106
f 1132//106 1190//107 1189//106
f 1132//106 1133//107 1190//107
f 1133//107 1191//108 1190//107
f 1133//107 1134//108 1191//108
f 1134//108 1192//109 1191//108
f 1134//108 1135//109 1192//109
f 1135//109 1193//110 1192//109
f 1135//109 1136//110 1193//110
f 1136//110 1194//111 1193//110
f 1136//110 1137//111 1194//111
f 1137//111 1195//112 1194//111
f 1137//111 1138//112 1195//112
f 1138//112 1196//113 1195//112
f 1138//112 1139//113 1196//113
f 1139//113 1197//114 1196//113
f 1139//113 1140//114 1197//114
f 1140//114 1198//115 1197//114
f 1140//114 1141//115 1198//115
f 1141//115 1199//116 1198//115
f 1141//115 1142//116 1199//116
f 1142//116 1200//117 1199//116
f 1142//116 1143//117 1200//117
f 1143//117 1201//118 1200//117
f 1143//117 1144//118 1201//118
f 1146//176 1202//177 1203//176
f 1146//176 1145//177 1202//177
f 1145//177 1204//178 1202//177
f 1145//177 1147//178 1204//178
f 1147//178 1205//179 1204//178
f 1147//178 1148//179 1205//179
f 1148//179 1206//180 1205//179
f 1148//179 1149//180 1206//180
f 1149//180 1207//181 1206//180
f 1149//180 1150//181 1207//181
f 1150//181 1208//182 1207//181
f 1150//181 1151//182 1208//182
f 1151//182 1209//183 1208//182
f 1151//182 1152//183 1209//183
f 1152//183 1210//184 1209//183
f 1152//183 1153//184 1210//184
f 1153//184 1211//185 1210//184
f 1153//184 1154//185 1211//185
f 1154//185 1212//186 1211//185
f 1154//185 1155//186 1212//186
f 1155//186 1213//187 1212//186
f 1155//186 1156//187 1213//187
f 1156//187 1214//188 1213//187
f 1156//187 1157//188 1214//188
f 1157//188 1215//189 1214//188
f 1157//188 1158//189 1215//189
f 1158//189 1216//190 1215//189
f 1158//189 1159//190 1216//190
f 1159//190 1217//191 1216//190
f 1159//190 1160//191 1217//191
f 1160//191 1218//192 1217//191
f 1160//191 1161//192 1218//192
f 1161//192 1219//193 1218//192
f 1161//192 1162//193 1219//193
f 1162//193 1220//194 1219//193
f 1162//193 1163//194 1220//194
f 1163//194 1221//195 1220//194
f 1163//194 1164//195 1221//195
f 1164//195 1222//196 1221//195
f 1164//195 1165//196 1222//196
f 1165//196 1223//197 1222//196
f 1165//196 1166//197 1223//197
f 1166//197 1224//198 1223//197
f 1166//197 1167//198 1224//198
f 1167//198 1225//199 1224//198
f 1167//198 1168//199 1225//199
f 1168//199 1226//200 1225//199
f 1168//199 1169//200 1226//200
f 1169//200 1227//201 1226//200
f 1169//200 1170//201 1227//201
f 1170//201 1228//202 1227//201
f 1170//201 1171//202 1228//202
f 1171//202 1229//203 1228//202
f 1171//202 1172//203 1229//203
f 1172//203 1230//204 1229//203
f 1172//203 1173//204 1230//204
f 1173//204 1231//205 1230//204
f 1173//204 1174//205 1231//205
f 1174//205 1232//206 1231//205
f 1174//205 1175//206 1232//206
f 1175//206 1233//207 1232//206
f 1175//206 1176//207 1233//207
f 1176//207 1234//208 1233//207
f 1176//207 1177//208 1234//208
f 1177//208 1235//209 1234//208
f 1177//208 1178//209 1235//209
f 1178//209 1236//210 1235//209
f 1178//209 1179//210 1236//210
f 1179//210 1237//211 1236//210
f 1179//210 1180//211 1237//211
f 1180//211 1238//212 1237//211
f 1180//211 1181//212 1238//212
f 1181//212 1239//213 1238//212
f 1181//212 1182//213 1239//213
f 1182//213 1240//214 1239//213
f 1182//213 1183//214 1240//214
f 1183//214 1241//215 1240//214
f 1183//214 1184//215 1241//215
f 1184//215 1242//216 1241//215
f 1184//215 1185//216 1242//216
f 1185//216 1243//217 1242//216
f 1185//216 1186//217 1243//217
f 1186//217 1244//218 1243//217
f 1186//217 1187//218 1244//218
f 1187//218 1245//219 1244//218
f 1187//218 1188//219 1245//219
f 1188//219 1246//220 1245//219
f 1188//219 1189//220 1246//220
f 1189//220 1247//221 1246//220
f 1189//220 1190//221 1247//221
f 1190//221 1248//222 1247//221
f 1190//221 1191//222 1248//222
f 1191//222 1249//223 1248//222
f 1191//222 1192//223 1249//223
f 1192//223 1250//224 1249//223
f 1192//223 1193//224 1250//224
f 1193//224 1251//225 1250//224
f 1193//224 1194//225 1251//225
f 1194//225 1252//226 1251//225
f 1194//225 1195//226 1252//226
f 1195//226 1253//227 1252//226
f 1195//226 1196//227 1253//227
f 1196//227 1254//228 1253//227
f 1196//227 1197//228 1254//228
f 1197//228 1255//229 1254//228
f 1197//228 1198//229 1255//229
f 1198//229 1256//230 1255//229
f 1198//229 1199//230 1256//230
f 1199//230 1257//231 1256//230
f 1199//230 1200//231 1257//231
f 1200//231 1258//232 1257//231
f 1200//231 1201//232 1258//232
f 1203//62 1259//63 1260//62
f 1203//62 1202//63 1259//63
f 1202//63 1261//64 1259//63
f 1202//63 1204//64 1261//64
f 1204//64 1262//65 1261//64
f 1204//64 1205//65 1262//65
f 1205//65 1263//66 1262//65
f 1205//65 1206//66 1263//66
f 1206//66 1264//67 1263//66
f 1206//66 1207//67 1264//67
f 1207//67 1265//68 1264//67
f 1207//67 1208//68 1265//68
f 1208//68 1266//69 1265//68
f 1208//68 1209//69 1266//69
f 1209//69 1267//70 1266//69
f 1209//69 1210//70 1267//70
f 1210//70 1268//71 1267//70
f 1210//70 1211//71 1268//71
f 1211//71 1269//72 1268//71
f 1211//71 1212//72 1269//72
f 1212//72 1270//73 1269//72
f 1212//72 1213//73 1270//73
f 1213//73 1271//74 1270//73
f 1213//73 1214//74 1271//74
f 1214//74 1272//75 1271//74
f 1214//74 1215//75 1272//75
f 1215//75 1273//76 1272//75
f 1215//75 1216//76 1273//76
f 1216//76 1274//77 1273//76
f 1216//76 1217//77 1274//77
f 1217//77 1275//78 1274//77
f 1217//77 1218//78 1275//78
f 1218//78 1276//79 1275//78
f 1218//78 1219//79 1276//79
f 1219//79 1277//80 1276//79
f 1219//79 1220//80 1277//80
f 1220//80 1278//81 1277//80
f 1220//80 1221//81 1278//81
f 1221//81 1279//82 1278//81
f 1221//81 1222//82 1279//82
f 1222//82 1280//83 1279//82
f 1222//82 1223//83 1280//83
f 1223//83 1281//84 1280//83
f 1223//83 1224//84 1281//84
f 1224//84 1282//85 1281//84
f 1224//84 1225//85 1282//85
f 1225//85 1283//86 1282//85
f 1225//85 1226//86 1283//86
f 1226//86 1284//87 1283//86
f 1226//86 1227//87 1284//87
f 1227//87 1285//88 1284//87
f 1227//87 1228//88 1285//88
f 1228//88 1286//89 1285//88
f 1228//88 1229//89 1286//89
f 1229//89 1287//90 1286//89
f 1229//89 1230//90 1287//90
f 1230//90 1288//91 1287//90
f 1230//90 1231//91 1288//91
f 1231//91 1289//92 1288//91
f 1231//91 1232//92 1289//92
f 1232//92 1290//93 1289//92
f 1232//92 1233//93 1290//93
f 1233//93 1291//94 1290//93
f 1233//93 1234//94 1291//94
f 1234//94 1292//95 1291//94
f 1234//94 1235//95 1292//95
f 1235//95 1293//96 1292//95
f 1235//95 1236//96 1293//96
f 1236//96 1294//97 1293//96
f 1236//96 1237//97 1294//97
f 1237//97 1295//98 1294//97
f 1237//97 1238//98 1295//98
f 1238//98 1296//99 1295//98
f 1238//98 1239//99 1296//99
f 1239//99 1297//100 1296//99
f 1239//99 1240//100 1297//100
f 1240//100 1298//101 1297//100
f 1240//100 1241//101 1298//101
f 1241//101 1299//102 1298//101
f 1241//101 1242//102 1299//102
f 1242//102 1300//103 1299//102
f 1242//102 1243//103 1300//103
f 1243//103 1301//104 1300//103
f 1243//103 1244//104 1301//104
f 1244//104 1302//105 1301//104
f 1244//104 1245//105 1302//105
f 1245//105 1303//106 1302//105
f 1245//105 1246//106 1303//106
f 1246//106 1304//107 1303//106
f 1246//106 1247//107 1304//107
f 1247//107 1305//108 1304//107
f 1247//107 1248//108 1305//108
f 1248//108 1306//109 1305//108
f 1248//108 1249//109 1306//109
f 1249//109 1307//110 1306//109
f 1249//109 1250//110 1307//110
f 1250//110 1308//111 1307//110
f 1250//110 1251//111 1308//111
f 1251//111 1309//112 1308//111
f 1251//111 1252//112 1309//112
f 1252//112 1310//113 1309//112
f 1252//112 1253//113 1310//113
f 1253//113 1311//114 1310//113
f 1253//113 1254//114 1311//114
f 1254//114 1312//115 1311//114
f 1254//114 1255//115 1312//115
f 1255//115 1313//116 1312//115
f 1255//115 1256//116 1313//116
f 1256//116 1314//117 1313//116
f 1256//116 1257//117 1314//117
f 1257//117 1315//118 1314//117
f 1257//117 1258//118 1315//118
f 1260//233 1316//234 1317//233
f 1260//233 1259//234 1316//234
f 1259//234 1318//235 1316//234
f 1259//234 1261//235 1318//235
f 1261//235 1319//236 1318//235
f 1261//235 1262//236 1319//236
f 1262//236 1320//237 1319//236
f 1262//236 1263//237 1320//237
f 1263//237 1321//238 1320//237
f 1263//237 1264//238 1321//238
f 1264//238 1322//239 1321//238
f 1264//238 1265//239 1322//239
f 1265//239 1323//240 1322//239
f 1265//239 1266//240 1323//240
f 1266//240 1324//241 1323//240
f 1266//240 1267//241 1324//241
f 1267//241 1325//242 1324//241
f 1267//241 1268//242 1325//242
f 1268//242 1326//243 1325//242
f 1268//242 1269//243 1326//243
f 1269//243 1327//244 1326//243
f 1269//243 1270//244 1327//244
f 1270//244 1328//245 1327//244
f 1270//244 1271//245 1328//245
f 1271//245 1329//246 1328//245
f 1271//245 1272//246 1329//246
f 1272//246 1330//247 1329//246
f 1272//246 1273//247 1330//247
f 1273//247 1331//248 1330//247
f 1273//247 1274//248 1331//248
f 1274//248 1332//249 1331//248
f 1274//248 1275//249 1332//249
f 1275//249 1333//250 1332//249
f 1275//249 1276//250 1333//250
f 1276//250 1334//251 1333//250
f 1276//250 1277//251 1334//251
f 1277//251 1335//252 1334//251
f 1277//251 1278//252 1335//252
f 1278//252 1336//253 1335//252
f 1278//252 1279//253 1336//253
f 1279//253 1337//254 1336//253
f 1279//253 1280//254 1337//254
f 1280//254 1338//255 1337//254
f 1280//254 1281//255 1338//255
f 1281//255 1339//256 1338//255
f 1281//255 1282//256 1339//256
f 1282//256 1340//257 1339//256
f 1282//256 1283//257 1340//257
f 1283//257 1341//258 1340//257
f 1283//257 1284//258 1341//258
f 1284//258 1342//259 1341//258
f 1284//258 1285//259 1342//259
f 1285//259 1343//260 1342//259
f 1285//259 1286//260 1343//260
f 1286//260 1344//261 1343//260
f 1286//260 1287//261 1344//261
f 1287//261 1345//262 1344//261
f 1287//261 1288//262 1345//262
f 1288//262 1346//263 1345//262
f 1288//262 1289//263 1346//263
f 1289//263 1347//264 1346//263
f 1289//263 1290//264 1347//264
f 1290//264 1348//265 1347//264
f 1290//264 1291//265 1348//265
f 1291//265 1349//266 1348//265
f 1291//265 1292//266 1349//266
f 1292//266 1350//267 1349//266
f 1292//266 1293//267 1350//267
f 1293//267 1351//268 1350//267
f 1293//267 1294//268 1351//268
f 1294//268 1352//269 1351//268
f 1294//268 1295//269 1352//269
f 1295//269 1353//270 1352//269
f 1295//269 1296//270 1353//270
f 1296//270 1354//271 1353//270
f 1296//270 1297//271 1354//271
f 1297//271 1355//272 1354//271
f 1297//271 1298//272 1355//272
f 1298//272 1356//273 1355//272
f 1298//272 1299//273 1356//273
f 1299//273 1357//274 1356//273
f 1299//273 1300//274 1357//274
f 1300//274 1358//275 1357//274
f 1300//274 1301//275 1358//275
f 1301//275 1359//276 1358//275
f 1301//275 1302//276 1359//276
f 1302//276 1360//277 1359//276
f 1302//276 1303//277 1360//277
f 1303//277 1361//278 1360//277
f 1303//277 1304//278 1361//278
f 1304//278 1362//279 1361//278
f 1304//278 1305//279 1362//279
f 1305//279 1363//280 1362//279
f 1305//279 1306//280 1363//280
f 1306//280 1364//281 1363//280
f 1306//280 1307//281 1364//281
f 1307//281 1365//282 1364//281
f 1307//281 1308//282 1365//282
f 1308//282 1366//283 1365//282
f 1308//282 1309//283 1366//283
f 1309//283 1367//284 1366//283
f 1309//283 1310//284 1367//284
f 1310//284 1368//285 1367//284
f 1310//284 1311//285 1368//285
f 1311//285 1369//286 1368//285
f 1311//285 1312//286 1369//286
f 1312//286 1370//287 1369//286
f 1312//286 1313//287 1370//287
f 1313//287 1371//288 1370//287
f 1313//287 1314//288 1371//288
f 1314//288 1372//289 1371//288
f 1314//288 1315//289 1372//289
f 1317//62 1373//63 1374//62
f 1317//62 1316//63 1373//63
f 1316//63 1375//64 1373//63
f 1316//63 1318//64 1375//64
f 1318//64 1376//65 1375//64
f 1318//64 1319//65 1376//65
f 1319//65 1377//66 1376//65
f 1319//65 1320//66 1377//66
f 1320//66 1378//67 1377//66
f 1320//66 1321//67 1378//67
f 1321//67 1379//68 1378//67
f 1321//67 1322//68 1379//68
f 1322//68 1380//69 1379//68
f 1322//68 1323//69 1380//69
f 1323//69 1381//70 1380//69
f 1323//69 1324//70 1381//70
f 1324//70 1382//71 1381//70
f 1324//70 1325//71 1382//71
f 1325//71 1383//72 1382//71
f 1325//71 1326//72 1383//72
f 1326//72 1384//73 1383//72
f 1326//72 1327//73 1384//73
f 1327//73 1385//74 1384//73
f 1327//73 1328//74 1385//74
f 1328//74 1386//75 1385//74
f 1328//74 1329//75 1386//75
f 1329//75 1387//76 1386//75
f 1329//75 1330//76 1387//76
f 1330//76 1388//77 1387//76
f 1330//76 1331//77 1388//77
f 1331//77 1389//78 1388//77
f 1331//77 1332//78 1389//78
f 1332//78 1390//79 1389//78
f 1332//78 1333//79 1390//79
f 1333//79 1391//80 1390//79
f 1333//79 1334//80 1391//80
f 1334//80 1392//81 1391//80
f 1334//80 1335//81 1392//81
f 1335//81 1393//82 1392//81
f 1335//81 1336//82 1393//82
f 1336//82 1394//83 1393//82
f 1336//82 1337//83 1394//83
f 1337//83 1395//84 1394//83
f 1337//83 1338//84 1395//84
f 1338//84 1396//85 1395//84
f 1338//84 1339//85 1396//85
f 1339//85 1397//86 1396//85
f 1339//85 1340//86 1397//86
f 1340//86 1398//87 1397//86
f 1340//86 1341//87 1398//87
f 1341//87 1399//88 1398//87
f 1341//87 1342//88 1399//88
f 1342//88 1400//89 1399//88
f 1342//88 1343//89 1400//89
f 1343//89 1401//90 1400//89
f 1343//89 1344//90 1401//90
f 1344//90 1402//91 1401//90
f 1344//90 1345//91 1402//91
f 1345//91 1403//92 1402//91
f 1345//91 1346//92 1403//92
f 1346//92 1404//93 1403//92
f 1346//92 1347//93 1404//93
f 1347//93 1405//94 1404//93
f 1347//93 1348//94 1405//94
f 1348//94 1406//95 1405//94
f 1348//94 1349//95 1406//95
f 1349//95 1407//96 1406//95
f 1349//95 1350//96 1407//96
f 1350//96 1408//97 1407//96
f 1350//96 1351//97 1408//97
f 1351//97 1409//98 1408//97
f 1351//97 1352//98 1409//98
f 1352//98 1410//99 1409//98
f 1352//98 1353//99 1410//99
f 1353//99 1411//100 1410//99
f 1353//99 1354//100 1411//100
f 1354//100 1412//101 1411//100
f 1354//100 1355//101 1412//101
f 1355//101 1413//102 1412//101
f 1355//101 1356//102 1413//102
f 1356//102 1414//103 1413//102
f 1356//102 1357//103 1414//103
f 1357//103 1415//104 1414//103
f 1357//103 1358//104 1415//104
f 1358//104 1416//105 1415//104
f 1358//104 1359//105 1416//105
f 1359//105 1417//106 1416//105
f 1359//105 1360//106 1417//106
f 1360//106 1418//107 1417//106
f 1360//106 1361//107 1418//107
f 1361//107 1419//108 1418//107
f 1361//107 1362//108 1419//108
f 1362//108 1420//109 1419//108
f 1362//108 1363//109 1420//109
f 1363//109 1421//110 1420//109
f 1363//109 1364//110 1421//110
f 1364//110 1422//111 1421//110
f 1364//110 1365//111 1422//111
f 1365//111 1423//112 1422//111
f 1365//111 1366//112 1423//112
f 1366//112 1424//113 1423//112
f 1366//112 1367//113 1424//113
f 1367//113 1425//114 1424//113
f 1367//113 1368//114 1425//114
f 1368//114 1426//115 1425//114
f 1368//114 1369//115 1426//115
f 1369//115 1427//116 1426//115
f 1369//115 1370//116 1427//116
f 1370//116 1428//117 1427//116
f 1370//116 1371//117 1428//117
f 1371//117 1429//118 1428//117
f 1371//117 1372//118 1429//118
f 1374//176 1430//177 1431//176
f 1374//176 1373//177 1430//177
f 1373//177 1432//178 1430//177
f 1373//177 1375//178 1432//178
f 1375//178 1433//179 1432//178
f 1375//178 1376//179 1433//179
f 1376//179 1434//180 1433//179
f 1376//179 1377//180 1434//180
f 1377//180 1435//181 1434//180
f 1377//180 1378//181 1435//181
f 1378//181 1436//182 1435//181
f 1378//181 1379//182 1436//182
f 1379//182 1437//183 1436//182
f 1379//182 1380//183 1437//183
f 1380//183 1438//184 1437//183
f 1380//183 1381//184 1438//184
f 1381//184 1439//185 1438//184
f 1381//184 1382//185 1439//185
f 1382//185 1440//186 1439//185
f 1382//185 1383//186 1440//186
f 1383//186 1441//187 1440//186
f 1383//186 1384//187 1441//187
f 1384//187 1442//188 1441//187
f 1384//187 1385//188 1442//188
f 1385//188 1443//189 1442//188
f 1385//188 1386//189 1443//189
f 1386//189 1444//190 1443//189
f 1386//189 1387//190 1444//190
f 1387//190 1445//191 1444//190
f 1387//190 1388//191 1445//191
f 1388//191 1446//192 1445//191
f 1388//191 1389//192 1446//192
f 1389//192 1447//193 1446//192
f 1389//192 1390//193 1447//193
f 1390//193 1448//194 1447//193
f 1390//193 1391//194 1448//194
f 1391//194 1449//195 1448//194
f 1391//194 1392//195 1449//195
f 1392//195 1450//196 1449//195
f 1392//195 1393//196 1450//196
f 1393//196 1451//197 1450//196
f 1393//196 1394//197 1451//197
f 1394//197 1452//198 1451//197
f 1394//197 1395//198 1452//198
f 1395//198 1453//199 1452//198
f 1395//198 1396//199 1453//199
f 1396//199 1454//200 1453//199
f 1396//199 1397//200 1454//200
f 1397//200 1455//201 1454//200
f 1397//200 1398//201 1455//201
f 1398//201 1456//202 1455//201
f 1398//201 1399//202 1456//202
f 1399//202 1457//203 1456//202
f 1399//202 1400//203 1457//203
f 1400//203 1458//204 1457//203
f 1400//203 1401//204 1458//204
f 1401//204 1459//205 1458//204
f 1401//204 1402//205 1459//205
f 1402//205 1460//206 1459//205
f 1402//205 1403//206 1460//206
f 1403//206 1461//207 1460//206
f 1403//206 1404//207 1461//207
f 1404//207 1462//208 1461//207
f 1404//207 1405//208 1462//208
f 1405//208 1463//209 1462//208
f 1405//208 1406//209 1463//209
f 1406//209 1464//210 1463//209
f 1406//209 1407//210 1464//210
f 1407//210 1465//211 1464//210
f 1407//210 1408//211 1465//211
f 1408//211 1466//212 1465//211
f 1408//211 1409//212 1466//212
f 1409//212 1467//213 1466//212
f 1409//212 1410//213 1467//213
f 1410//213 1468//214 1467//213
f 1410//213 1411//214 1468//214
f 1411//214 1469//215 1468//214
f 1411//214 1412//215 1469//215
f 1412//215 1470//216 1469//215
f 1412//215 1413//216 1470//216
f 1413//216 1471//217 1470//216
f 1413//216 1414//217 1471//217
f 1414//217 1472//218 1471//217
f 1414//217 1415//218 1472//218
f 1415//218 1473//219 1472//218
f 1415//218 1416//219 1473//219
f 1416//219 1474//220 1473//219
f 1416//219 1417//220 1474//220
f 1417//220 1475//221 1474//220
f 1417//220 1418//221 1475//221
f 1418//221 1476//222 1475//221
f 1418//221 1419//222 1476//222
f 1419//222 1477//223 1476//222
f 1419//222 1420//223 1477//223
f 1420//223 1478//224 1477//223
f 1420//223 1421//224 1478//224
f 1421//224 1479//225 1478//224
f 1421//224 1422//225 1479//225
f 1422//225 1480//226 1479//225
f 1422//225 1423//226 1480//226
f 1423//226 1481//227 1480//226
f 1423//226 1424//227 1481//227
f 1424//227 1482//228 1481//227
f 1424//227 1425//228 1482//228
f 1425//228 1483//229 1482//228
f 1425//228 1426//229 1483//229
f 1426//229 1484//230 1483//229
f 1426//229 1427//230 1484//230
f 1427//230 1485//231 1484//230
f 1427//230 1428//231 1485//231
f 1428//231 1486//232 1485//231
f 1428//231 1429//232 1486//232
f 1431//62 1487//63 1488//62
f 1431//62 1430//63 1487//63
f 1430//63 1489//64 1487//63
f 1430//63 1432//64 1489//64
f 1432//64 1490//65 1489//64
f 1432//64 1433//65 1490//65
f 1433//65 1491//66 1490//65
f 1433//65 1434//66 1491//66
f 1434//66 1492//67 1491//66
f 1434//66 1435//67 1492//67
f 1435//67 1493//68 1492//67
f 1435//67 1436//68 1493//68
f 1436//68 1494//69 1493//68
f 1436//68 1437//69 1494//69
f 1437//69 1495//70 1494//69
f 1437//69 1438//70 1495//70
f 1438//70 1496//71 1495//70
f 1438//70 1439//71 1496//71
f 1439//71 1497//72 1496//71
f 1439//71 1440//72 1497//72
f 1440//72 1498//73 1497//72
f 1440//72 1441//73 1498//73
f 1441//73 1499//74 1498//73
f 1441//73 1442//74 1499//74
f 1442//74 1500//75 1499//74
f 1442//74 1443//75 1500//75
f 1443//75 1501//76 1500//75
f 1443//75 1444//76 1501//76
f 1444//76 1502//77 1501//76
f 1444//76 1445//77 1502//77
f 1445//77 1503//78 1502//77
f 1445//77 1446//78 1503//78
f 1446//78 1504//79 1503//78
f 1446//78 1447//79 1504//79
f 1447//79 1505//80 1504//79
f 1447//79 1448//80 1505//80
f 1448//80 1506//81 1505//80
f 1448//80 1449//81 1506//81
f 1449//81 1507//82 1506//81
f 1449//81 1450//82 1507//82
f 1450//82 1508//83 1507//82
f 1450//82 1451//83 1508//83
f 1451//83 1509//84 1508//83
f 1451//83 1452//84 1509//84
f 1452//84 1510//85 1509//84
f 1452//84 1453//85 1510//85
f 1453//85 1511//86 1510//85
f 1453//85 1454//86 1511//86
f 1454//86 1512//87 1511//86
f 1454//86 1455//87 1512//87
f 1455//87 1513//88 1512//87
f 1455//87 1456//88 1513//88
f 1456//88 1514//89 1513//88
f 1456//88 1457//89 1514//89
f 1457//89 1515//90 1514//89
f 1457//89 1458//90 1515//90
f 1458//90 1516//91 1515//90
f 1458//90 1459//91 1516//91
f 1459//91 1517//92 1516//91
f 1459//91 1460//92 1517//92
f 1460//92 1518//93 1517//92
f 1460//92 1461//93 1518//93
f 1461//93 1519//94 1518//93
f 1461//93 1462//94 1519//94
f 1462//94 1520//95 1519//94
f 1462//94 1463//95 1520//95
f 1463//95 1521//96 1520//95
f 1463//95 1464//96 1521//96
f 1464//96 1522//97 1521//96
f 1464//96 1465//97 1522//97
f 1465//97 1523//98 1522//97
f 1465//97 1466//98 1523//98
f 1466//98 1524//99 1523//98
f 1466//98 1467//99 1524//99
f 1467//99 1525//100 1524//99
f 1467//99 1468//100 1525//100
f 1468//100 1526//101 1525//100
f 1468//100 1469//101 1526//101
f 1469//101 1527//102 1526//101
f 1469//101 1470//102 1527//102
f 1470//102 1528//103 1527//102
f 1470//102 1471//103 1528//103
f 1471//103 1529//104 1528//103
f 1471//103 1472//104 1529//104
f 1472//104 1530//105 1529//104
f 1472//104 1473//105 1530//105
f 1473//105 1531//106 1530//105
f 1473//105 1474//106 1531//106
f 1474//106 1532//107 1531//106
f 1474//106 1475//107 1532//107
f 1475//107 1533//108 1532//107
f 1475//107 1476//108 1533//108
f 1476//108 1534//109 1533//108
f 1476//108 1477//109 1534//109
f 1477//109 1535//110 1534//109
f 1477//109 1478//110 1535//110
f 1478//110 1536//111 1535//110
f 1478//110 1479//111 1536//111
f 1479//111 1537//112 1536//111
f 1479//111 1480//112 1537//112
f 1480//112 1538//113 1537//112
f 1480//112 1481//113 1538//113
f 1481//113 1539//114 1538//113
f 1481//113 1482//114 1539//114
f 1482//114 1540//115 1539//114
f 1482//114 1483//115 1540//115
f 1483//115 1541//116 1540//115
f 1483//115 1484//116 1541//116
f 1484//116 1542//117 1541//116
f 1484//116 1485//117 1542//117
f 1485//117 1543//118 1542//117
f 1485//117 1486//118 1543//118
f 1488//233 1544//234 1545//233
f 1488//233 1487//234 1544//234
f 1487//234 1546//235 1544//234
f 1487//234 1489//235 1546//235
f 1489//235 1547//236 1546//235
f 1489//235 1490//236 1547//236
f 1490//236 1548//237 1547//236
f 1490//236 1491//237 1548//237
f 1491//237 1549//238 1548//237
f 1491//237 1492//238 1549//238
f 1492//238 1550//239 1549//238
f 1492//238 1493//239 1550//239
f 1493//239 1551//240 1550//239
f 1493//239 1494//240 1551//240
f 1494//240 1552//241 1551//240
f 1494//240 1495//241 1552//241
f 1495//241 1553//242 1552//241
f 1495//241 1496//242 1553//242
f 1496//242 1554//243 1553//242
f 1496//242 1497//243 1554//243
f 1497//243 1555//244 1554//243
f 1497//243 1498//244 1555//244
f 1498//244 1556//245 1555//244
f 1498//244 1499//245 1556//245
f 1499//245 1557//246 1556//245
f 1499//245 1500//246 1557//246
f 1500//246 1558//247 1557//246
f 1500//246 1501//247 1558//247
f 1501//247 1559//248 1558//247
f 1501//247 1502//248 1559//248
f 1502//248 1560//249 1559//248
f 1502//248 1503//249 1560//249
f 1503//249 1561//250 1560//249
f 1503//249 1504//250 1561//250
f 1504//250 1562//251 1561//250
f 1504//250 1505//251 1562//251
f 1505//251 1563//252 1562//251
f 1505//251 1506//252 1563//252
f 1506//252 1564//253 1563//252
f 1506//252 1507//253 1564//253
f 1507//253 1565//254 1564//253
f 1507//253 1508//254 1565//254
f 1508//254 1566//255 1565//254
f 1508//254 1509//255 1566//255
f 1509//255 1567//256 1566//255
f 1509//255 1510//256 1567//256
f 1510//256 1568//257 1567//256
f 1510//256 1511//257 1568//257
f 1511//257 1569//258 1568//257
f 1511//257 1512//258 1569//258
f 1512//258 1570//259 1569//258
f 1512//258 1513//259 1570//259
f 1513//259 1571//260 1570//259
f 1513//259 1514//260 1571//260
f 1514//260 1572//261 1571//260
f 1514//260 1515//261 1572//261
f 1515//261 1573//262 1572//261
f 1515//261 1516//262 1573//262
f 1516//262 1574//263 1573//262
f 1516//262 1517//263 1574//263
f 1517//263 1575//264 1574//263
f 1517//263 1518//264 1575//264
f 1518//264 1576//265 1575//264
f 1518//264 1519//265 1576//265
f 1519//265 1577//266 1576//265
f 1519//265 1520//266 1577//266
f 1520//266 1578//267 1577//266
f 1520//266 1521//267 1578//267
f 1521//267 1579//268 1578//267
f 1521//267 1522//268 1579//268
f 1522//268 1580//269 1579//268
f 1522//268 1523//269 1580//269
f 1523//269 1581//270 1580//269
f 1523//269 1524//270 1581//270
f 1524//270 1582//271 1581//270
f 1524//270 1525//271 1582//271
f 1525//271 1583//272 1582//271
f 1525//271 1526//272 1583//272
f 1526//272 1584//273 1583//272
f 1526//272 1527//273 1584//273
f 1527//273 1585//274 1584//273
f 1527//273 1528//274 1585//274
f 1528//274 1586//275 1585//274
f 1528//274 1529//275 1586//275
f 1529//275 1587//276 1586//275
f 1529//275 1530//276 1587//276
f 1530//276 1588//277 1587//276
f 1530//276 1531//277 1588//277
f 1531//277 1589//278 1588//277
f 1531//277 1532//278 1589//278
f 1532//278 1590//279 1589//278
f 1532//278 1533//279 1590//279
f 1533//279 1591//280 1590//279
f 1533//279 1534//280 1591//280
f 1534//280 1592//281 1591//280
f 1534//280 1535//281 1592//281
f 1535//281 1593//282 1592//281
f 1535//281 1536//282 1593//282
f 1536//282 1594//283 1593//282
f 1536//282 1537//283 1594//283
f 1537//283 1595//284 1594//283
f 1537//283 1538//284 1595//284
f 1538//284 1596//285 1595//284
f 1538//284 1539//285 1596//285
f 1539//285 1597//286 1596//285
f 1539//285 1540//286 1597//286
f 1540//286 1598//287 1597//286
f 1540//286 1541//287 1598//287
f 1541//287 1599//288 1598//287
f 1541//287 1542//288 1599//288
f 1542//288 1600//289 1599//288
f 1542//288 1543//289 1600//289
f 1545//62 1601//63 1602//62
f 1545//62 1544//63 1601//63
f 1544//63 1603//64 1601//63
f 1544//63 1546//64 1603//64
f 1546//64 1604//65 1603//64
f 1546//64 1547//65 1604//65
f 1547//65 1605//66 1604//65
f 1547//65 1548//66 1605//66
f 1548//66 1606//67 1605//66
f 1548//66 1549//67 1606//67
f 1549//67 1607//68 1606//67
f 1549//67 1550//68 1607//68
f 1550//68 1608//69 1607//68
f 1550//68 1551//69 1608//69
f 1551//69 1609//70 1608//69
f 1551//69 1552//70 1609//70
f 1552//70 1610//71 1609//70
f 1552//70 1553//71 1610//71
f 1553//71 1611//72 1610//71
f 1553//71 1554//72 1611//72
f 1554//72 1612//73 1611//72
f 1554//72 1555//73 1612//73
f 1555//73 1613//74 1612//73
f 1555//73 1556//74 1613//74
f 1556//74 1614//75 1613//74
f 1556//74 1557//75 1614//75
f 1557//75 1615//76 1614//75
f 1557//75 1558//76 1615//76
f 1558//76 1616//77 1615//76
f 1558//76 1559//77 1616//77
f 1559//77 1617//78 1616//77
f 1559//77 1560//78 1617//78
f 1560//78 1618//79 1617//78
f 1560//78 1561//79 1618//79
f 1561//79 1619//80 1618//79
f 1561//79 1562//80 1619//80
f 1562//80 1620//81 1619//80
f 1562//80 1563//81 1620//81
f 1563//81 1621//82 1620//81
f 1563//81 1564//82 1621//82
f 1564//82 1622//83 1621//82
f 1564//82 1565//83 1622//83
f 1565//83 1623//84 1622//83
f 1565//83 1566//84 1623//84
f 1566//84 1624//85 1623//84
f 1566//84 1567//85 1624//85
f 1567//85 1625//86 1624//85
f 1567//85 1568//86 1625//86
f 1568//86 1626//87 1625//86
f 1568//86 1569//87 1626//87
f 1569//87 1627//88 1626//87
f 1569//87 1570//88 1627//88
f 1570//88 1628//89 1627//88
f 1570//88 1571//89 1628//89
f 1571//89 1629//90 1628//89
f 1571//89 1572//90 1629//90
f 1572//90 1630//91 1629//90
f 1572//90 1573//91 1630//91
f 1573//91 1631//92 1630//91
f 1573//91 1574//92 1631//92
f 1574//92 1632//93 1631//92
f 1574//92 1575//93 1632//93
f 1575//93 1633//94 1632//93
f 1575//93 1576//94 1633//94
f 1576//94 1634//95 1633//94
f 1576//94 1577//95 1634//95
f 1577//95 1635//96 1634//95
f 1577//95 1578//96 1635//96
f 1578//96 1636//97 1635//96
f 1578//96 1579//97 1636//97
f 1579//97 1637//98 1636//97
f 1579//97 1580//98 1637//98
f 1580//98 1638//99 1637//98
f 1580//98 1581//99 1638//99
f 1581//99 1639//100 1638//99
f 1581//99 1582//100 1639//100
f 1582//100 1640//101 1639//100
f 1582//100 1583//101 1640//101
f 1583//101 1641//102 1640//101
f 1583//101 1584//102 1641//102
f 1584//102 1642//103 1641//102
f 1584//102 1585//103 1642//103
f 1585//103 1643//104 1642//103
f 1585//103 1586//104 1643//104
f 1586//104 1644//105 1643//104
f 1586//104 1587//105 1644//105
f 1587//105 1645//106 1644//105
f 1587//105 1588//106 1645//106
f 1588//106 1646//107 1645//106
f 1588//106 1589//107 1646//107
f 1589//107 1647//108 1646//107
f 1589//107 1590//108 1647//108
f 1590//108 1648//109 1647//108
f 1590//108 1591//109 1648//109
f 1591//109 1649//110 1648//109
f 1591//109 1592//110 1649//110
f 1592//110 1650//111 1649//110
f 1592//110 1593//111 1650//111
f 1593//111 1651//112 1650//111
f 1593//111 1594//112 1651//112
f 1594//112 1652//113 1651//112
f 1594//112 1595//113 1652//113
f 1595//113 1653//114 1652//113
f 1595//113 1596//114 1653//114
f 1596//114 1654//115 1653//114
f 1596//114 1597//115 1654//115
f 1597//115 1655//116 1654//115
f 1597//115 1598//116 1655//116
f 1598//116 1656//117 1655//116
f 1598//116 1599//117 1656//117
f 1599//117 1657//118 1656//117
f 1599//117 1600//118 1657//118
f 1602//176 1658//177 1659//176
f 1602//176 1601//177 1658//177
f 1601//177 1660//178 1658//177
f 1601//177 1603//178 1660//178
f 1603//178 1661//179 1660//178
f 1603//178 1604//179 1661//179
f 1604//179 1662//180 1661//179
f 1604//179 1605//180 1662//180
f 1605//180 1663//181 1662//180
f 1605//180 1606//181 1663//181
f 1606//181 1664//182 1663//181
f 1606//181 1607//182 1664//182
f 1607//182 1665//183 1664//182
f 1607//182 1608//183 1665//183
f 1608//183 1666//184 1665//183
f 1608//183 1609//184 1666//184
f 1609//184 1667//185 1666//184
f 1609//184 1610//185 1667//185
f 1610//185 1668//186 1667//185
f 1610//185 1611//186 1668//186
f 1611//186 1669//187 1668//186
f 1611//186 1612//187 1669//187
f 1612//187 1670//188 1669//187
f 1612//187 1613//188 1670//188
f 1613//188 1671//189 1670//188
f 1613//188 1614//189 1671//189
f 1614//189 1672//190 1671//189
f 1614//189 1615//190 1672//190
f 1615//190 1673//191 1672//190
f 1615//190 1616//191 1673//191
f 1616//191 1674//192 1673//191
f 1616//191 1617//192 1674//192
f 1617//192 1675//193 1674//192
f 1617//192 1618//193 1675//193
f 1618//193 1676//194 1675//193
f 1618//193 1619//194 1676//194
f 1619//194 1677//195 1676//194
f 1619//194 1620//195 1677//195
f 1620//195 1678//196 1677//195
f 1620//195 1621//196 1678//196
f 1621//196 1679//197 1678//196
f 1621//196 1622//197 1679//197
f 1622//197 1680//198 1679//197
f 1622//197 1623//198 1680//198
f 1623//198 1681//199 1680//198
f 1623//198 1624//199 1681//199
f 1624//199 1682//200 1681//199
f 1624//199 1625//200 1682//200
f 1625//200 1683//201 1682//200
f 1625//200 1626//201 1683//201
f 1626//201 1684//202 1683//201
f 1626//201 1627//202 1684//202
f 1627//202 1685//203 1684//202
f 1627//202 1628//203 1685//203
f 1628//203 1686//204 1685//203
f 1628//203 1629//204 1686//204
f 1629//204 1687//205 1686//204
f 1629//204 1630//205 1687//205
f 1630//205 1688//206 1687//205
f 1630//205 1631//206 1688//206
f 1631//206 1689//207 1688//206
f 1631//206 1632//207 1689//207
f 1632//207 1690//208 1689//207
f 1632//207 1633//208 1690//208
f 1633//208 1691//209 1690//208
f 1633//208 1634//209 1691//209
f 1634//209 1692//210 1691//209
f 1634//209 1635//210 1692//210
f 1635//210 1693//211 1692//210
f 1635//210 1636//211 1693//211
f 1636//211 1694//212 1693//211
f 1636//211 1637//212 1694//212
f 1637//212 1695//213 1694//212
f 1637//212 1638//213 1695//213
f 1638//213 1696//214 1695//213
f 1638//213 1639//214 1696//214
f 1639//214 1697//215 1696//214
f 1639//214 1640//215 1697//215
f 1640//215 1698//216 1697//215
f 1640//215 1641//216 1698//216
f 1641//216 1699//217 1698//216
f 1641//216 1642//217 1699//217
f 1642//217 1700//218 1699//217
f 1642//217 1643//218 1700//218
f 1643//218 1701//219 1700//218
f 1643//218 1644//219 1701//219
f 1644//219 1702//220 1701//219
f 1644//219 1645//220 1702//220
f 1645//220 1703//221 1702//220
f 1645//220 1646//221 1703//221
f 1646//221 1704//222 1703//221
f 1646//221 1647//222 1704//222
f 1647//222 1705//223 1704//222
f 1647//222 1648//223 1705//223
f 1648//223 1706//224 1705//223
f 1648//223 1649//224 1706//224
f 1649//224 1707//225 1706//224
f 1649//224 1650//225 1707//225
f 1650//225 1708//226 1707//225
f 1650//225 1651//226 1708//226
f 1651//226 1709//227 1708//226
f 1651//226 1652//227 1709//227
f 1652//227 1710//228 1709//227
f 1652//227 1653//228 1710//228
f 1653//228 1711//229 1710//228
f 1653//228 1654//229 1711//229
f 1654//229 1712//230 1711//229
f 1654//229 1655//230 1712//230
f 1655//230 1713//231 1712//230
f 1655//230 1656//231 1713//231
f 1656//231 1714//232 1713//231
f 1656//231 1657//232 1714//232
f 1659//62 1715//63 1716//62
f 1659//62 1658//63 1715//63
f 1658//63 1717//64 1715//63
f 1658//63 1660//64 1717//64
f 1660//64 1718//65 1717//64
f 1660//64 1661//65 1718//65
f 1661//65 1719//66 1718//65
f 1661//65 1662//66 1719//66
f 1662//66 1720//67 1719//66
f 1662//66 1663//67 1720//67
f 1663//67 1721//68 1720//67
f 1663//67 1664//68 1721//68
f 1664//68 1722//69 1721//68
f 1664//68 1665//69 1722//69
f 1665//69 1723//70 1722//69
f 1665//69 1666//70 1723//70
f 1666//70 1724//71 1723//70
f 1666//70 1667//71 1724//71
f 1667//71 1725//72 1724//71
f 1667//71 1668//72 1725//72
f 1668//72 1726//73 1725//72
f 1668//72 1669//73 1726//73
f 1669//73 1727//74 1726//73
f 1669//73 1670//74 1727//74
f 1670//74 1728//75 1727//74
f 1670//74 1671//75 1728//75
f 1671//75 1729//76 1728//75
f 1671//75 1672//76 1729//76
f 1672//76 1730//77 1729//76
f 1672//76 1673//77 1730//77
f 1673//77 1731//78 1730//77
f 1673//77 1674//78 1731//78
f 1674//78 1732//79 1731//78
f 1674//78 1675//79 1732//79
f 1675//79 1733//80 1732//79
f 1675//79 1676//80 1733//80
f 1676//80 1734//81 1733//80
f 1676//80 1677//81 1734//81
f 1677//81 1735//82 1734//81
f 1677//81 1678//82 1735//82
f 1678//82 1736//83 1735//82
f 1678//82 1679//83 1736//83
f 1679//83 1737//84 1736//83
f 1679//83 1680//84 1737//84
f 1680//84 1738//85 1737//84
f 1680//84 1681//85 1738//85
f 1681//85 1739//86 1738//85
f 1681//85 1682//86 1739//86
f 1682//86 1740//87 1739//86
f 1682//86 1683//87 1740//87
f 1683//87 1741//88 1740//87
f 1683//87 1684//88 1741//88
f 1684//88 1742//89 1741//88
f 1684//88 1685//89 1742//89
f 1685//89 1743//90 1742//89
f 1685//89 1686//90 1743//90
f 1686//90 1744//91 1743//90
f 1686//90 1687//91 1744//91
f 1687//91 1745//92 1744//91
f 1687//91 1688//92 1745//92
f 1688//92 1746//93 1745//92
f 1688//92 1689//93 1746//93
f 1689//93 1747//94 1746//93
f 1689//93 1690//94 1747//94
f 1690//94 1748//95 1747//94
f 1690//94 1691//95 1748//95
f 1691//95 1749//96 1748//95
f 1691//95 1692//96 1749//96
f 1692//96 1750//97 1749//96
f 1692//96 1693//97 1750//97
f 1693//97 1751//98 1750//97
f 1693//97 1694//98 1751//98
f 1694//98 1752//99 1751//98
f 1694//98 1695//99 1752//99
f 1695//99 1753//100 1752//99
f 1695//99 1696//100 1753//100
f 1696//100 1754//101 1753//100
f 1696//100 1697//101 1754//101
f 1697//101 1755//102 1754//101
f 1697//101 1698//102 1755//102
f 1698//102 1756//103 1755//102
f 1698//102 1699//103 1756//103
f 1699//103 1757//104 1756//103
f 1699//103 1700//104 1757//104
f 1700//104 1758//105 1757//104
f 1700//104 1701//105 1758//105
f 1701//105 1759//106 1758//105
f 1701//105 1702//106 1759//106
f 1702//106 1760//107 1759//106
f 1702//106 1703//107 1760//107
f 1703//107 1761//108 1760//107
f 1703//107 1704//108 1761//108
f 1704//108 1762//109 1761//108
f 1704//108 1705//109 1762//109
f 1705//109 1763//110 1762//109
f 1705//109 1706//110 1763//110
f 1706//110 1764//111 1763//110
f 1706//110 1707//111 1764//111
f 1707//111 1765//112 1764//111
f 1707//111 1708//112 1765//112
f 1708//112 1766//113 1765//112
f 1708//112 1709//113 1766//113
f 1709//113 1767//114 1766//113
f 1709//113 1710//114 1767//114
f 1710//114 1768//115 1767//114
f 1710//114 1711//115 1768//115
f 1711//115 1769//116 1768//115
f 1711//115 1712//116 1769//116
f 1712//116 1770//117 1769//116
f 1712//116 1713//117 1770//117
f 1713//117 1771//118 1770//117
f 1713//117 1714//118 1771//118
f 1716//233 1772//234 1773//233
f 1716//233 1715//234 1772//234
f 1715//234 1774//235 1772//234
f 1715//234 1717//235 1774//235
f 1717//235 1775//236 1774//235
f 1717//235 1718//236 1775//236
f 1718//236 1776//237 1775//236
f 1718//236 1719//237 1776//237
f 1719//237 1777//238 1776//237
f 1719//237 1720//238 1777//238
f 1720//238 1778//239 1777//238
f 1720//238 1721//239 1778//239
f 1721//239 1779//240 1778//239
f 1721//239 1722//240 1779//240
f 1722//240 1780//241 1779//240
f 1722//240 1723//241 1780//241
f 1723//241 1781//242 1780//241
f 1723//241 1724//242 1781//242
f 1724//242 1782//243 1781//242
f 1724//242 1725//243 1782//243
f 1725//243 1783//244 1782//243
f 1725//243 1726//244 1783//244
f 1726//244 1784//245 1783//244
f 1726//244 1727//245 1784//245
f 1727//245 1785//246 1784//245
f 1727//245 1728//246 1785//246
f 1728//246 1786//247 1785//246
f 1728//246 1729//247 1786//247
f 1729//247 1787//248 1786//247
f 1729//247 1730//248 1787//248
f 1730//248 1788//249 1787//248
f 1730//248 1731//249 1788//249
f 1731//249 1789//250 1788//249
f 1731//249 1732//250 1789//250
f 1732//250 1790//251 1789//250
f 1732//250 1733//251 1790//251
f 1733//251 1791//252 1790//251
f 1733//251 1734//252 1791//252
f 1734//252 1792//253 1791//252
f 1734//252 1735//253 1792//253
f 1735//253 1793//254 1792//253
f 1735//253 1736//254 1793//254
f 1736//254 1794//255 1793//254
f 1736//254 1737//255 1794//255
f 1737//255 1795//256 1794//255
f 1737//255 1738//256 1795//256
f 1738//256 1796//257 1795//256
f 1738//256 1739//257 1796//257
f 1739//257 1797//258 1796//257
f 1739//257 1740//258 1797//258
f 1740//258 1798//259 1797//258
f 1740//258 1741//259 1798//259
f 1741//259 1799//260 1798//259
f 1741//259 1742//260 1799//260
f 1742//260 1800//261 1799//260
f 1742//260 1743//261 1800//261
f 1743//261 1801//262 1800//261
f 1743//261 1744//262 1801//262
f 1744//262 1802//263 1801//262
f 1744//262 1745//263 1802//263
f 1745//263 1803//264 1802//263
f 1745//263 1746//264 1803//264
f 1746//264 1804//265 1803//264
f 1746//264 1747//265 1804//265
f 1747//265 1805//266 1804//265
f 1747//265 1748//266 1805//266
f 1748//266 1806//267 1805//266
f 1748//266 1749//267 1806//267
f 1749//267 1807//268 1806//267
f 1749//267 1750//268 1807//268
f 1750//268 1808//269 1807//268
f 1750//268 1751//269 1808//269
f 1751//269 1809//270 1808//269
f 1751//269 1752//270 1809//270
f 1752//270 1810//271 1809//270
f 1752//270 1753//271 1810//271
f 1753//271 1811//272 1810//271
f 1753//271 1754//272 1811//272
f 1754//272 1812//273 1811//272
f 1754//272 1755//273 1812//273
f 1755//273 1813//274 1812//273
f 1755//273 1756//274 1813//274
f 1756//274 1814//275 1813//274
f 1756//274 1757//275 1814//275
f 1757//275 1815//276 1814//275
f 1757//275 1758//276 1815//276
f 1758//276 1816//277 1815//276
f 1758//276 1759//277 1816//277
f 1759//277 1817//278 1816//277
f 1759//277 1760//278 1817//278
f 1760//278 1818//279 1817//278
f 1760//278 1761//279 1818//279
f 1761//279 1819//280 1818//279
f 1761//279 1762//280 1819//280
f 1762//280 1820//281 1819//280
f 1762//280 1763//281 1820//281
f 1763//281 1821//282 1820//281
f 1763//281 1764//282 1821//282
f 1764//282 1822//283 1821//282
f 1764//282 1765//283 1822//283
f 1765//283 1823//284 1822//283
f 1765//283 1766//284 1823//284
f 1766//284 1824//285 1823//284
f 1766//284 1767//285 1824//285
f 1767//285 1825//286 1824//285
f 1767//285 1768//286 1825//286
f 1768//286 1826//287 1825//286
f 1768//286 1769//287 1826//287
f 1769//287 1827//288 1826//287
f 1769//287 1770//288 1827//288
f 1770//288 1828//289 1827//288
f 1770//288 1771//289 1828//289
f 1773//62 1829//63 1830//62
f 1773//62 1772//63 1829//63
f 1772//63 1831//64 1829//63
f 1772//63 1774//64 1831//64
f 1774//64 1832//65 1831//64
f 1774//64 1775//65 1832//65
f 1775//65 1833//66 1832//65
f 1775//65 1776//66 1833//66
f 1776//66 1834//67 1833//66
f 1776//66 1777//67 1834//67
f 1777//67 1835//68 1834//67
f 1777//67 1778//68 1835//68
f 1778//68 1836//69 1835//68
f 1778//68 1779//69 1836//69
f 1779//69 1837//70 1836//69
f 1779//69 1780//70 1837//70
f 1780//70 1838//71 1837//70
f 1780//70 1781//71 1838//71
f 1781//71 1839//72 1838//71
f 1781//71 1782//72 1839//72
f 1782//72 1840//73 1839//72
f 1782//72 1783//73 1840//73
f 1783//73 1841//74 1840//73
f 1783//73 1784//74 1841//74
f 1784//74 1842//75 1841//74
f 1784//74 1785//75 1842//75
f 1785//75 1843//76 1842//75
f 1785//75 1786//76 1843//76
f 1786//76 1844//77 1843//76
f 1786//76 1787//77 1844//77
f 1787//77 1845//78 1844//77
f 1787//77 1788//78 1845//78
f 1788//78 1846//79 1845//78
f 1788//78 1789//79 1846//79
f 1789//79 1847//80 1846//79
f 1789//79 1790//80 1847//80
f 1790//80 1848//81 1847//80
f 1790//80 1791//81 1848//81
f 1791//81 1849//82 1848//81
f 1791//81 1792//82 1849//82
f 1792//82 1850//83 1849//82
f 1792//82 1793//83 1850//83
f 1793//83 1851//84 1850//83
f 1793//83 1794//84 1851//84
f 1794//84 1852//85 1851//84
f 1794//84 1795//85 1852//85
f 1795//85 1853//86 1852//85
f 1795//85 1796//86 1853//86
f 1796//86 1854//87 1853//86
f 1796//86 1797//87 1854//87
f 1797//87 1855//88 1854//87
f 1797//87 1798//88 1855//88
f 1798//88 1856//89 1855//88
f 1798//88 1799//89 1856//89
f 1799//89 1857//90 1856//89
f 1799//89 1800//90 1857//90
f 1800//90 1858//91 1857//90
f 1800//90 1801//91 1858//91
f 1801//91 1859//92 1858//91
f 1801//91 1802//92 1859//92
f 1802//92 1860//93 1859//92
f 1802//92 1803//93 1860//93
f 1803//93 1861//94 1860//93
f 1803//93 1804//94 1861//94
f 1804//94 1862//95 1861//94
f 1804//94 1805//95 1862//95
f 1805//95 1863//96 1862//95
f 1805//95 1806//96 1863//96
f 1806//96 1864//97 1863//96
f 1806//96 1807//97 1864//97
f 1807//97 1865//98 1864//97
f 1807//97 1808//98 1865//98
f 1808//98 1866//99 1865//98
f 1808//98 1809//99 1866//99
f 1809//99 1867//100 1866//99
f 1809//99 1810//100 1867//100
f 1810//100 1868//101 1867//100
f 1810//100 1811//101 1868//101
f 1811//101 1869//102 1868//101
f 1811//101 1812//102 1869//102
f 1812//102 1870//103 1869//102
f 1812//102 1813//103 1870//103
f 1813//103 1871//104 1870//103
f 1813//103 1814//104 1871//104
f 1814//104 1872//105 1871//104
f 1814//104 1815//105 1872//105
f 1815//105 1873//106 1872//105
f 1815//105 1816//106 1873//106
f 1816//106 1874//107 1873//106
f 1816//106 1817//107 1874//107
f 1817//107 1875//108 1874//107
f 1817//107 1818//108 1875//108
f 1818//108 1876//109 1875//108
f 1818//108 1819//109 1876//109
f 1819//109 1877//110 1876//109
f 1819//109 1820//110 1877//110
f 1820//110 1878//111 1877//110
f 1820//110 1821//111 1878//111
f 1821//111 1879//112 1878//111
f 1821//111 1822//112 1879//112
f 1822//112 1880//113 1879//112
f 1822//112 1823//113 1880//113
f 1823//113 1881//114 1880//113
f 1823//113 1824//114 1881//114
f 1824//114 1882//115 1881//114
f 1824//114 1825//115 1882//115
f 1825//115 1883//116 1882//115
f 1825//115 1826//116 1883//116
f 1826//116 1884//117 1883//116
f 1826//116 1827//117 1884//117
f 1827//117 1885//118 1884//117
f 1827//117 1828//118 1885//118
f 1830//176 1886//177 1887//176
f 1830//176 1829//177 1886//177
f 1829//177 1888//178 1886//177
f 1829//177 1831//178 1888//178
f 1831//178 1889//179 1888//178
f 1831//178 1832//179 1889//179
f 1832//179 1890//180 1889//179
f 1832//179 1833//180 1890//180
f 1833//180 1891//181 1890//180
f 1833//180 1834//181 1891//181
f 1834//181 1892//182 1891//181
f 1834//181 1835//182 1892//182
f 1835//182 1893//183 1892//182
f 1835//182 1836//183 1893//183
f 1836//183 1894//184 1893//183
f 1836//183 1837//184 1894//184
f 1837//184 1895//185 1894//184
f 1837//184 1838//185 1895//185
f 1838//185 1896//186 1895//185
f 1838//185 1839//186 1896//186
f 1839//186 1897//187 1896//186
f 1839//186 1840//187 1897//187
f 1840//187 1898//188 1897//187
f 1840//187 1841//188 1898//188
f 1841//188 1899//189 1898//188
f 1841//188 1842//189 1899//189
f 1842//189 1900//190 1899//189
f 1842//189 1843//190 1900//190
f 1843//190 1901//191 1900//190
f 1843//190 1844//191 1901//191
f 1844//191 1902//192 1901//191
f 1844//191 1845//192 1902//192
f 1845//192 1903//193 1902//192
f 1845//192 1846//193 1903//193
f 1846//193 1904//194 1903//193
f 1846//193 1847//194 1904//194
f 1847//194 1905//195 1904//194
f 1847//194 1848//195 1905//195
f 1848//195 1906//196 1905//195
f 1848//195 1849//196 1906//196
f 1849//196 1907//197 1906//196
f 1849//196 1850//197 1907//197
f 1850//197 1908//198 1907//197
f 1850//197 1851//198 1908//198
f 1851//198 1909//199 1908//198
f 1851//198 1852//199 1909//199
f 1852//199 1910//200 1909//199
f 1852//199 1853//200 1910//200
f 1853//200 1911//201 1910//200
f 1853//200 1854//201 1911//201
f 1854//201 1912//202 1911//201
f 1854//201 1855//202 1912//202
f 1855//202 1913//203 1912//202
f 1855//202 1856//203 1913//203
f 1856//203 1914//204 1913//203
f 1856//203 1857//204 1914//204
f 1857//204 1915//205 1914//204
f 1857//204 1858//205 1915//205
f 1858//205 1916//206 1915//205
f 1858//205 1859//206 1916//206
f 1859//206 1917//207 1916//206
f 1859//206 1860//207 1917//207
f 1860//207 1918//208 1917//207
f 1860//207 1861//208 1918//208
f 1861//208 1919//209 1918//208
f 1861//208 1862//209 1919//209
f 1862//209 1920//210 1919//209
f 1862//209 1863//210 1920//210
f 1863//210 1921//211 1920//210
f 1863//210 1864//211 1921//211
f 1864//211 1922//212 1921//211
f 1864//211 1865//212 1922//212
f 1865//212 1923//213 1922//212
f 1865//212 1866//213 1923//213
f 1866//213 1924//214 1923//213
f 1866//213 1867//214 1924//214
f 1867//214 1925//215 1924//214
f 1867//214 1868//215 1925//215
f 1868//215 1926//216 1925//215
f 1868//215 1869//216 1926//216
f 1869//216 1927//217 1926//216
f 1869//216 1870//217 1927//217
f 1870//217 1928//218 1927//217
f 1870//217 1871//218 1928//218
f 1871//218 1929//219 1928//218
f 1871//218 1872//219 1929//219
f 1872//219 1930//220 1929//219
f 1872//219 1873//220 1930//220
f 1873//220 1931//221 1930//220
f 1873//220 1874//221 1931//221
f 1874//221 1932//222 1931//221
f 1874//221 1875//222 1932//222
f 1875//222 1933//223 1932//222
f 1875//222 1876//223 1933//223
f 1876//223 1934//224 1933//223
f 1876//223 1877//224 1934//224
f 1877//224 1935//225 1934//224
f 1877//224 1878//225 1935//225
f 1878//225 1936//226 1935//225
f 1878//225 1879//226 1936//226
f 1879//226 1937//227 1936//226
f 1879//226 1880//227 1937//227
f 1880//227 1938//228 1937//227
f 1880//227 1881//228 1938//228
f 1881//228 1939//229 1938//228
f 1881//228 1882//229 1939//229
f 1882//229 1940//230 1939//229
f 1882//229 1883//230 1940//230
f 1883//230 1941//231 1940//230
f 1883//230 1884//231 1941//231
f 1884//231 1942//232 1941//231
f 1884//231 1885//232 1942//232
f 1887//62 1943//63 1944//62
f 1887//62 1886//63 1943//63
f 1886//63 1945//64 1943//63
f 1886//63 1888//64 1945//64
f 1888//64 1946//65 1945//64
f 1888//64 1889//65 1946//65
f 1889//65 1947//66 1946//65
f 1889//65 1890//66 1947//66
f 1890//66 1948//67 1947//66
f 1890//66 1891//67 1948//67
f 1891//67 1949//68 1948//67
f 1891//67 1892//68 1949//68
f 1892//68 1950//69 1949//68
f 1892//68 1893//69 1950//69
f 1893//69 1951//70 1950//69
f 1893//69 1894//70 1951//70
f 1894//70 1952//71 1951//70
f 1894//70 1895//71 1952//71
f 1895//71 1953//72 1952//71
f 1895//71 1896//72 1953//72
f 1896//72 1954//73 1953//72
f 1896//72 1897//73 1954//73
f 1897//73 1955//74 1954//73
f 1897//73 1898//74 1955//74
f 1898//74 1956//75 1955//74
f 1898//74 1899//75 1956//75
f 1899//75 1957//76 1956//75
f 1899//75 1900//76 1957//76
f 1900//76 1958//77 1957//76
f 1900//76 1901//77 1958//77
f 1901//77 1959//78 1958//77
f 1901//77 1902//78 1959//78
f 1902//78 1960//79 1959//78
f 1902//78 1903//79 1960//79
f 1903//79 1961//80 1960//79
f 1903//79 1904//80 1961//80
f 1904//80 1962//81 1961//80
f 1904//80 1905//81 1962//81
f 1905//81 1963//82 1962//81
f 1905//81 1906//82 1963//82
f 1906//82 1964//83 1963//82
f 1906//82 1907//83 1964//83
f 1907//83 1965//84 1964//83
f 1907//83 1908//84 1965//84
f 1908//84 1966//85 1965//84
f 1908//84 1909//85 1966//85
f 1909//85 1967//86 1966//85
f 1909//85 1910//86 1967//86
f 1910//86 1968//87 1967//86
f 1910//86 1911//87 1968//87
f 1911//87 1969//88 1968//87
f 1911//87 1912//88 1969//88
f 1912//88 1970//89 1969//88
f 1912//88 1913//89 1970//89
f 1913//89 1971//90 1970//89
f 1913//89 1914//90 1971//90
f 1914//90 1972//91 1971//90
f 1914//90 1915//91 1972//91
f 1915//91 1973//92 1972//91
f 1915//91 1916//92 1973//92
f 1916//92 1974//93 1973//92
f 1916//92 1917//93 1974//93
f 1917//93 1975//94 1974//93
f 1917//93 1918//94 1975//94
f 1918//94 1976//95 1975//94
f 1918//94 1919//95 1976//95
f 1919//95 1977//96 1976//95
f 1919//95 1920//96 1977//96
f 1920//96 1978//97 1977//96
f 1920//96 1921//97 1978//97
f 1921//97 1979//98 1978//97
f 1921//97 1922//98 1979//98
f 1922//98 1980//99 1979//98
f 1922//98 1923//99 1980//99
f 1923//99 1981//100 1980//99
f 1923//99 1924//100 1981//100
f 1924//100 1982//101 1981//100
f 1924//100 1925//101 1982//101
f 1925//101 1983//102 1982//101
f 1925//101 1926//102 1983//102
f 1926//102 1984//103 1983//102
f 1926//102 1927//103 1984//103
f 1927//103 1985//104 1984//103
f 1927//103 1928//104 1985//104
f 1928//104 1986//105 1985//104
f 1928//104 1929//105 1986//105
f 1929//105 1987//106 1986//105
f 1929//105 1930//106 1987//106
f 1930//106 1988//107 1987//106
f 1930//106 1931//107 1988//107
f 1931//107 1989//108 1988//107
f 1931//107 1932//108 1989//108
f 1932//108 1990//109 1989//108
f 1932//108 1933//109 1990//109
f 1933//109 1991//110 1990//109
f 1933//109 1934//110 1991//110
f 1934//110 1992//111 1991//110
f 1934//110 1935//111 1992//111
f 1935//111 1993//112 1992//111
f 1935//111 1936//112 1993//112
f 1936//112 1994//113 1993//112
f 1936//112 1937//113 1994//113
f 1937//113 1995//114 1994//113
f 1937//113 1938//114 1995//114
f 1938//114 1996//115 1995//114
f 1938//114 1939//115 1996//115
f 1939//115 1997//116 1996//115
f 1939//115 1940//116 1997//116
f 1940//116 1998//117 1997//116
f 1940//116 1941//117 1998//117
f 1941//117 1999//118 1998//117
f 1941//117 1942//118 1999//118
f 1944//233 2000//234 2001//233
f 1944//233 1943//234 2000//234
f 1943//234 2002//235 2000//234
f 1943//234 1945//235 2002//235
f 1945//235 2003//236 2002//235
f 1945//235 1946//236 2003//236
f 1946//236 2004//237 2003//236
f 1946//236 1947//237 2004//237
f 1947//237 2005//238 2004//237
f 1947//237 1948//238 2005//238
f 1948//238 2006//239 2005//238
f 1948//238 1949//239 2006//239
f 1949//239 2007//240 2006//239
f 1949//239 1950//240 2007//240
f 1950//240 2008//241 2007//240
f 1950//240 1951//241 2008//241
f 1951//241 2009//242 2008//241
f 1951//241 1952//242 2009//242
f 1952//242 2010//243 2009//242
f 1952//242 1953//243 2010//243
f 1953//243 2011//244 2010//243
f 1953//243 1954//244 2011//244
f 1954//244 2012//245 2011//244
f 1954//244 1955//245 2012//245
f 1955//245 2013//246 2012//245
f 1955//245 1956//246 2013//246
f 1956//246 2014//247 2013//246
f 1956//246 1957//247 2014//247
f 1957//247 2015//248 2014//247
f 1957//247 1958//248 2015//248
f 1958//248 2016//249 2015//248
f 1958//248 1959//249 2016//249
f 1959//249 2017//250 2016//249
f 1959//249 1960//250 2017//250
f 1960//250 2018//251 2017//250
f 1960//250 1961//251 2018//251
f 1961//251 2019//252 2018//251
f 1961//251 1962//252 2019//252
f 1962//252 2020//253 2019//252
f 1962//252 1963//253 2020//253
f 1963//253 2021//254 2020//253
f 1963//253 1964//254 2021//254
f 1964//254 2022//255 2021//254
f 1964//254 1965//255 2022//255
f 1965//255 2023//256 2022//255
f 1965//255 1966//256 2023//256
f 1966//256 2024//257 2023//256
f 1966//256 1967//257 2024//257
f 1967//257 2025//258 2024//257
f 1967//257 1968//258 2025//258
f 1968//258 2026//259 2025//258
f 1968//258 1969//259 2026//259
f 1969//259 2027//260 2026//259
f 1969//259 1970//260 2027//260
f 1970//260 2028//261 2027//260
f 1970//260 1971//261 2028//261
f 1971//261 2029//262 2028//261
f 1971//261 1972//262 2029//262
f 1972//262 2030//263 2029//262
f 1972//262 1973//263 2030//263
f 1973//263 2031//264 2030//263
f 1973//263 1974//264 2031//264
f 1974//264 2032//265 2031//264
f 1974//264 1975//265 2032//265
f 1975//265 2033//266 2032//265
f 1975//265 1976//266 2033//266
f 1976//266 2034//267 2033//266
f 1976//266 1977//267 2034//267
f 1977//267 2035//268 2034//267
f 1977//267 1978//268 2035//268
f 1978//268 2036//269 2035//268
f 1978//268 1979//269 2036//269
f 1979//269 2037//270 2036//269
f 1979//269 1980//270 2037//270
f 1980//270 2038//271 2037//270
f 1980//270 1981//271 2038//271
f 1981//271 2039//272 2038//271
f 1981//271 1982//272 2039//272
f 1982//272 2040//273 2039//272
f 1982//272 1983//273 2040//273
f 1983//273 2041//274 2040//273
f 1983//273 1984//274 2041//274
f 1984//274 2042//275 2041//274
f 1984//274 1985//275 2042//275
f 1985//275 2043//276 2042//275
f 1985//275 1986//276 2043//276
f 1986//276 2044//277 2043//276
f 1986//276 1987//277 2044//277
f 1987//277 2045//278 2044//277
f 1987//277 1988//278 2045//278
f 1988//278 2046//279 2045//278
f 1988//278 1989//279 2046//279
f 1989//279 2047//280 2046//279
f 1989//279 1990//280 2047//280
f 1990//280 2048//281 2047//280
f 1990//280 1991//281 2048//281
f 1991//281 2049//282 2048//281
f 1991//281 1992//282 2049//282
f 1992//282 2050//283 2049//282
f 1992//282 1993//283 2050//283
f 1993//283 2051//284 2050//283
f 1993//283 1994//284 2051//284
f 1994//284 2052//285 2051//284
f 1994//284 1995//285 2052//285
f 1995//285 2053//286 2052//285
f 1995//285 1996//286 2053//286
f 1996//286 2054//287 2053//286
f 1996//286 1997//287 2054//287
f 1997//287 2055//288 2054//287
f 1997//287 1998//288 2055//288
f 1998//288 2056//289 2055//288
f 1998//288 1999//289 2056//289
f 2001//62 2057//63 2058//62
f 2001//62 2000//63 2057//63
f 2000//63 2059//64 2057//63
f 2000//63 2002//64 2059//64
f 2002//64 2060//65 2059//64
f 2002//64 2003//65 2060//65
f 2003//65 2061//66 2060//65
f 2003//65 2004//66 2061//66
f 2004//66 2062//67 2061//66
f 2004//66 2005//67 2062//67
f 2005//67 2063//68 2062//67
f 2005//67 2006//68 2063//68
f 2006//68 2064//69 2063//68
f 2006//68 2007//69 2064//69
f 2007//69 2065//70 2064//69
f 2007//69 2008//70 2065//70
f 2008//70 2066//71 2065//70
f 2008//70 2009//71 2066//71
f 2009//71 2067//72 2066//71
f 2009//71 2010//72 2067//72
f 2010//72 2068//73 2067//72
f 2010//72 2011//73 2068//73
f 2011//73 2069//74 2068//73
f 2011//73 2012//74 2069//74
f 2012//74 2070//75 2069//74
f 2012//74 2013//75 2070//75
f 2013//75 2071//76 2070//75
f 2013//75 2014//76 2071//76
f 2014//76 2072//77 2071//76
f 2014//76 2015//77 2072//77
f 2015//77 2073//78 2072//77
f 2015//77 2016//78 2073//78
f 2016//78 2074//79 2073//78
f 2016//78 2017//79 2074//79
f 2017//79 2075//80 2074//79
f 2017//79 2018//80 2075//80
f 2018//80 2076//81 2075//80
f 2018//80 2019//81 2076//81
f 2019//81 2077//82 2076//81
f 2019//81 2020//82 2077//82
f 2020//82 2078//83 2077//82
f 2020//82 2021//83 2078//83
f 2021//83 2079//84 2078//83
f 2021//83 2022//84 2079//84
f 2022//84 2080//85 2079//84
f 2022//84 2023//85 2080//85
f 2023//85 2081//86 2080//85
f 2023//85 2024//86 2081//86
f 2024//86 2082//87 2081//86
f 2024//86 2025//87 2082//87
f 2025//87 2083//88 2082//87
f 2025//87 2026//88 2083//88
f 2026//88 2084//89 2083//88
f 2026//88 2027//89 2084//89
f 2027//89 2085//90 2084//89
f 2027//89 2028//90 2085//90
f 2028//90 2086//91 2085//90
f 2028//90 2029//91 2086//91
f 2029//91 2087//92 2086//91
f 2029//91 2030//92 2087//92
f 2030//92 2088//93 2087//92
f 2030//92 2031//93 2088//93
f 2031//93 2089//94 2088//93
f 2031//93 2032//94 2089//94
f 2032//94 2090//95 2089//94
f 2032//94 2033//95 2090//95
f 2033//95 2091//96 2090//95
f 2033//95 2034//96 2091//96
f 2034//96 2092//97 2091//96
f 2034//96 2035//97 2092//97
f 2035//97 2093//98 2092//97
f 2035//97 2036//98 2093//98
f 2036//98 2094//99 2093//98
f 2036//98 2037//99 2094//99
f 2037//99 2095//100 2094//99
f 2037//99 2038//100 2095//100
f 2038//100 2096//101 2095//100
f 2038//100 2039//101 2096//101
f 2039//101 2097//102 2096//101
f 2039//101 2040//102 2097//102
f 2040//102 2098//103 2097//102
f 2040//102 2041//103 2098//103
f 2041//103 2099//104 2098//103
f 2041//103 2042//104 2099//104
f 2042//104 2100//105 2099//104
f 2042//104 2043//105 2100//105
f 2043//105 2101//106 2100//105
f 2043//105 2044//106 2101//106
f 2044//106 2102//107 2101//106
f 2044//106 2045//107 2102//107
f 2045//107 2103//108 2102//107
f 2045//107 2046//108 2103//108
f 2046//108 2104//109 2103//108
f 2046//108 2047//109 2104//109
f 2047//109 2105//110 2104//109
f 2047//109 2048//110 2105//110
f 2048//110 2106//111 2105//110
f 2048//110 2049//111 2106//111
f 2049//111 2107//112 2106//111
f 2049//111 2050//112 2107//112
f 2050//112 2108//113 2107//112
f 2050//112 2051//113 2108//113
f 2051//113 2109//114 2108//113
f 2051//113 2052//114 2109//114
f 2052//114 2110//115 2109//114
f 2052//114 2053//115 2110//115
f 2053//115 2111//116 2110//115
f 2053//115 2054//116 2111//116
f 2054//116 2112//117 2111//116
f 2054//116 2055//117 2112//117
f 2055//117 2113//118 2112//117
f 2055//117 2056//118 2113//118
usemtl body
f 2058//62 2114//63 2115//62
f 2058//62 2057//63 2114//63
f 2057//63 2116//64 2114//63
f 2057//63 2059//64 2116//64
f 2059//64 2117//65 2116//64
f 2059//64 2060//65 2117//65
f 2060//65 2118//66 2117//65
f 2060//65 2061//66 2118//66
f 2061//66 2119//67 2118//66
f 2061//66 2062//67 2119//67
f 2062//67 2120//68 2119//67
f 2062//67 2063//68 2120//68
f 2063//68 2121//69 2120//68
f 2063//68 2064//69 2121//69
f 2064//69 2122//70 2121//69
f 2064//69 2065//70 2122//70
f 2065//70 2123//71 2122//70
f 2065//70 2066//71 2123//71
f 2066//71 2124//72 2123//71
f 2066//71 2067//72 2124//72
f 2067//72 2125//73 2124//72
f 2067//72 2068//73 2125//73
f 2068//73 2126//74 2125//73
f 2068//73 2069//74 2126//74
f 2069//74 2127//75 2126//74
f 2069//74 2070//75 2127//75
f 2070//75 2128//76 2127//75
f 2070//75 2071//76 2128//76
f 2071//76 2129//77 2128//76
f 2071//76 2072//77 2129//77
f 2072//77 2130//78 2129//77
f 2072//77 2073//78 2130//78
f 2073//78 2131//79 2130//78
f 2073//78 2074//79 2131//79
f 2074//79 2132//80 2131//79
f 2074//79 2075//80 2132//80
f 2075//80 2133//81 2132//80
f 2075//80 2076//81 2133//81
f 2076//81 2134//82 2133//81
f 2076//81 2077//82 2134//82
f 2077//82 2135//83 2134//82
f 2077//82 2078//83 2135//83
f 2078//83 2136//84 2135//83
f 2078//83 2079//84 2136//84
f 2079//84 2137//85 2136//84
f 2079//84 2080//85 2137//85
f 2080//85 2138//86 2137//85
f 2080//85 2081//86 2138//86
f 2081//86 2139//87 2138//86
f 2081//86 2082//87 2139//87
f 2082//87 2140//88 2139//87
f 2082//87 2083//88 2140//88
f 2083//88 2141//89 2140//88
f 2083//88 2084//89 2141//89
f 2084//89 2142//90 2141//89
f 2084//89 2085//90 2142//90
f 2085//90 2143//91 2142//90
f 2085//90 2086//91 2143//91
f 2086//91 2144//92 2143//91
f 2086//91 2087//92 2144//92
f 2087//92 2145//93 2144//92
f 2087//92 2088//93 2145//93
f 2088//93 2146//94 2145//93
f 2088//93 2089//94 2146//94
f 2089//94 2147//95 2146//94
f 2089//94 2090//95 2147//95
f 2090//95 2148//96 2147//95
f 2090//95 2091//96 2148//96
f 2091//96 2149//97 2148//96
f 2091//96 2092//97 2149//97
f 2092//97 2150//98 2149//97
f 2092//97 2093//98 2150//98
f 2093//98 2151//99 2150//98
f 2093//98 2094//99 2151//99
f 2094//99 2152//100 2151//99
f 2094//99 2095//100 2152//100
f 2095//100 2153//101 2152//100
f 2095//100 2096//101 2153//101
f 2096//101 2154//102 2153//101
f 2096//101 2097//102 2154//102
f 2097//102 2155//103 2154//102
f 2097//102 2098//103 2155//103
f 2098//103 2156//104 2155//103
f 2098//103 2099//104 2156//104
f 2099//104 2157//105 2156//104
f 2099//104 2100//105 2157//105
f 2100//105 2158//106 2157//105
f 2100//105 2101//106 2158//106
f 2101//106 2159//107 2158//106
f 2101//106 2102//107 2159//107
f 2102//107 2160//108 2159//107
f 2102//107 2103//108 2160//108
f 2103//108 2161//109 2160//108
f 2103//108 2104//109 2161//109
f 2104//109 2162//110 2161//109
f 2104//109 2105//110 2162//110
f 2105//110 2163//111 2162//110
f 2105//110 2106//111 2163//111
f 2106//111 2164//112 2163//111
f 2106//111 2107//112 2164//112
f 2107//112 2165//113 2164//112
f 2107//112 2108//113 2165//113
f 2108//113 2166//114 2165//113
f 2108//113 2109//114 2166//114
f 2109//114 2167//115 2166//114
f 2109//114 2110//115 2167//115
f 2110//115 2168//116 2167//115
f 2110//115 2111//116 2168//116
f 2111//116 2169//117 2168//116
f 2111//116 2112//117 2169//117
f 2112//117 2170//118 2169//117
f 2112//117 2113//118 2170//118
usemtl gold
f 2115//290 2171//291 2172//290
f 2115//290 2114//291 2171//291
f 2114//291 2173//292 2171//291
f 2114//291 2116//292 2173//292
f 2116//292 2174//293 2173//292
f 2116//292 2117//293 2174//293
f 2117//293 2175//294 2174//293
f 2117//293 2118//294 2175//294
f 2118//294 2176//295 2175//294
f 2118//294 2119//295 2176//295
f 2119//295 2177//296 2176//295
f 2119//295 2120//296 2177//296
f 2120//296 2178//297 2177//296
f 2120//296 2121//297 2178//297
f 2121//297 2179//298 2178//297
f 2121//297 2122//298 2179//298
f 2122//298 2180//299 2179//298
f 2122//298 2123//299 2180//299
f 2123//299 2181//300 2180//299
f 2123//299 2124//300 2181//300
f 2124//300 2182//301 2181//300
f 2124//300 2125//301 2182//301
f 2125//301 2183//302 2182//301
f 2125//301 2126//302 2183//302
f 2126//302 2184//303 2183//302
f 2126//302 2127//303 2184//303
f 2127//303 2185//304 2184//303
f 2127//303 2128//304 2185//304
f 2128//304 2186//305 2185//304
f 2128//304 2129//305 2186//305
f 2129//305 2187//306 2186//305
f 2129//305 2130//306 2187//306
f 2130//306 2188//307 2187//306
f 2130//306 2131//307 2188//307
f 2131//307 2189//308 2188//307
f 2131//307 2132//308 2189//308
f 2132//308 2190//309 2189//308
f 2132//308 2133//309 2190//309
f 2133//309 2191//310 2190//309
f 2133//309 2134//310 2191//310
f 2134//310 2192//311 2191//310
f 2134//310 2135//311 2192//311
f 2135//311 2193//312 2192//311
f 2135//311 2136//312 2193//312
f 2136//312 2194//313 2193//312
f 2136//312 2137//313 2194//313
f 2137//313 2195//314 2194//313
f 2137//313 2138//314 2195//314
f 2138//314 2196//315 2195//314
f 2138//314 2139//315 2196//315
f 2139//315 2197//316 2196//315
f 2139//315 2140//316 2197//316
f 2140//316 2198//317 2197//316
f 2140//316 2141//317 2198//317
f 2141//317 2199//318 2198//317
f 2141//317 2142//318 2199//318
f 2142//318 2200//319 2199//318
f 2142//318 2143//319 2200//319
f 2143//319 2201//320 2200//319
f 2143//319 2144//320 2201//320
f 2144//320 2202//321 2201//320
f 2144//320 2145//321 2202//321
f 2145//321 2203//322 2202//321
f 2145//321 2146//322 2203//322
f 2146//322 2204//323 2203//322
f 2146//322 2147//323 2204//323
f 2147//323 2205//324 2204//323
f 2147//323 2148//324 2205//324
f 2148//324 2206//325 2205//324
f 2148//324 2149//325 2206//325
f 2149//325 2207//326 2206//325
f 2149//325 2150//326 2207//326
f 2150//326 2208//327 2207//326
f 2150//326 2151//327 2208//327
f 2151//327 2209//328 2208//327
f 2151//327 2152//328 2209//328
f 2152//328 2210//329 2209//328
f 2152//328 2153//329 2210//329
f 2153//329 2211//330 2210//329
f 2153//329 2154//330 2211//330
f 2154//330 2212//331 2211//330
f 2154//330 2155//331 2212//331
f 2155//331 2213//332 2212//331
f 2155//331 2156//332 2213//332
f 2156//332 2214//333 2213//332
f 2156//332 2157//333 2214//333
f 2157//333 2215//334 2214//333
f 2157//333 2158//334 2215//334
f 2158//334 2216//335 2215//334
f 2158//334 2159//335 2216//335
f 2159//335 2217//336 2216//335
f 2159//335 2160//336 2217//336
f 2160//336 2218//337 2217//336
f 2160//336 2161//337 2218//337
f 2161//337 2219//338 2218//337
f 2161//337 2162//338 2219//338
f 2162//338 2220//339 2219//338
f 2162//338 2163//339 2220//339
f 2163//339 2221//340 2220//339
f 2163//339 2164//340 2221//340
f 2164//340 2222//341 2221//340
f 2164//340 2165//341 2222//341
f 2165//341 2223//342 2222//341
f 2165//341 2166//342 2223//342
f 2166//342 2224//343 2223//342
f 2166//342 2167//343 2224//343
f 2167//343 2225//344 2224//343
f 2167//343 2168//344 2225//344
f 2168//344 2226//345 2225//344
f 2168//344 2169//345 2226//345
f 2169//345 2227//346 2226//345
f 2169//345 2170//346 2227//346
f 2172//62 2228//63 2229//62
f 2172//62 2171//63 2228//63
f 2171//63 2230//64 2228//63
f 2171//63 2173//64 2230//64
f 2173//64 2231//65 2230//64
f 2173//64 2174//65 2231//65
f 2174//65 2232//66 2231//65
f 2174//65 2175//66 2232//66
f 2175//66 2233//67 2232//66
f 2175//66 2176//67 2233//67
f 2176//67 2234//68 2233//67
f 2176//67 2177//68 2234//68
f 2177//68 2235//69 2234//68
f 2177//68 2178//69 2235//69
f 2178//69 2236//70 2235//69
f 2178//69 2179//70 2236//70
f 2179//70 2237//71 2236//70
f 2179//70 2180//71 2237//71
f 2180//71 2238//72 2237//71
f 2180//71 2181//72 2238//72
f 2181//72 2239//73 2238//72
f 2181//72 2182//73 2239//73
f 2182//73 2240//74 2239//73
f 2182//73 2183//74 2240//74
f 2183//74 2241//75 2240//74
f 2183//74 2184//75 2241//75
f 2184//75 2242//76 2241//75
f 2184//75 2185//76 2242//76
f 2185//76 2243//77 2242//76
f 2185//76 2186//77 2243//77
f 2186//77 2244//78 2243//77
f 2186//77 2187//78 2244//78
f 2187//78 2245//79 2244//78
f 2187//78 2188//79 2245//79
f 2188//79 2246//80 2245//79
f 2188//79 2189//80 2246//80
f 2189//80 2247//81 2246//80
f 2189//80 2190//81 2247//81
f 2190//81 2248//82 2247//81
f 2190//81 2191//82 2248//82
f 2191//82 2249//83 2248//82
f 2191//82 2192//83 2249//83
f 2192//83 2250//84 2249//83
f 2192//83 2193//84 2250//84
f 2193//84 2251//85 2250//84
f 2193//84 2194//85 2251//85
f 2194//85 2252//86 2251//85
f 2194//85 2195//86 2252//86
f 2195//86 2253//87 2252//86
f 2195//86 2196//87 2253//87
f 2196//87 2254//88 2253//87
f 2196//87 2197//88 2254//88
f 2197//88 2255//89 2254//88
f 2197//88 2198//89 2255//89
f 2198//89 2256//90 2255//89
f 2198//89 2199//90 2256//90
f 2199//90 2257//91 2256//90
f 2199//90 2200//91 2257//91
f 2200//91 2258//92 2257//91
f 2200//91 2201//92 2258//92
f 2201//92 2259//93 2258//92
f 2201//92 2202//93 2259//93
f 2202//93 2260//94 2259//93
f 2202//93 2203//94 2260//94
f 2203//94 2261//95 2260//94
f 2203//94 2204//95 2261//95
f 2204//95 2262//96 2261//95
f 2204//95 2205//96 2262//96
f 2205//96 2263//97 2262//96
f 2205//96 2206//97 2263//97
f 2206//97 2264//98 2263//97
f 2206//97 2207//98 2264//98
f 2207//98 2265//99 2264//98
f 2207//98 2208//99 2265//99
f 2208//99 2266//100 2265//99
f 2208//99 2209//100 2266//100
f 2209//100 2267//101 2266//100
f 2209//100 2210//101 2267//101
f 2210//101 2268//102 2267//101
f 2210//101 2211//102 2268//102
f 2211//102 2269//103 2268//102
f 2211//102 2212//103 2269//103
f 2212//103 2270//104 2269//103
f 2212//103 2213//104 2270//104
f 2213//104 2271//105 2270//104
f 2213//104 2214//105 2271//105
f 2214//105 2272//106 2271//105
f 2214//105 2215//106 2272//106
f 2215//106 2273//107 2272//106
f 2215//106 2216//107 2273//107
f 2216//107 2274//108 2273//107
f 2216//107 2217//108 2274//108
f 2217//108 2275//109 2274//108
f 2217//108 2218//109 2275//109
f 2218//109 2276//110 2275//109
f 2218//109 2219//110 2276//110
f 2219//110 2277//111 2276//110
f 2219//110 2220//111 2277//111
f 2220//111 2278//112 2277//111
f 2220//111 2221//112 2278//112
f 2221//112 2279//113 2278//112
f 2221//112 2222//113 2279//113
f 2222//113 2280//114 2279//113
f 2222//113 2223//114 2280//114
f 2223//114 2281//115 2280//114
f 2223//114 2224//115 2281//115
f 2224//115 2282//116 2281//115
f 2224//115 2225//116 2282//116
f 2225//116 2283//117 2282//116
f 2225//116 2226//117 2283//117
f 2226//117 2284//118 2283//117
f 2226//117 2227//118 2284//118
f 2229//347 2285//348 2286//347
f 2229//347 2228//348 2285//348
f 2228//348 2287//349 2285//348
f 2228//348 2230//349 2287//349
f 2230//349 2288//350 2287//349
f 2230//349 2231//350 2288//350
f 2231//350 2289//351 2288//350
f 2231//350 2232//351 2289//351
f 2232//351 2290//352 2289//351
f 2232//351 2233//352 2290//352
f 2233//352 2291//353 2290//352
f 2233//352 2234//353 2291//353
f 2234//353 2292//354 2291//353
f 2234//353 2235//354 2292//354
f 2235//354 2293//355 2292//354
f 2235//354 2236//355 2293//355
f 2236//355 2294//356 2293//355
f 2236//355 2237//356 2294//356
f 2237//356 2295//357 2294//356
f 2237//356 2238//357 2295//357
f 2238//357 2296//358 2295//357
f 2238//357 2239//358 2296//358
f 2239//358 2297//359 2296//358
f 2239//358 2240//359 2297//359
f 2240//359 2298//360 2297//359
f 2240//359 2241//360 2298//360
f 2241//360 2299//361 2298//360
f 2241//360 2242//361 2299//361
f 2242//361 2300//362 2299//361
f 2242//361 2243//362 2300//362
f 2243//362 2301//363 2300//362
f 2243//362 2244//363 2301//363
f 2244//363 2302//364 2301//363
f 2244//363 2245//364 2302//364
f 2245//364 2303//365 2302//364
f 2245//364 2246//365 2303//365
f 2246//365 2304//366 2303//365
f 2246//365 2247//366 2304//366
f 2247//366 2305//367 2304//366
f 2247//366 2248//367 2305//367
f 2248//367 2306//368 2305//367
f 2248//367 2249//368 2306//368
f 2249//368 2307//369 2306//368
f 2249//368 2250//369 2307//369
f 2250//369 2308//370 2307//369
f 2250//369 2251//370 2308//370
f 2251//370 2309//371 2308//370
f 2251//370 2252//371 2309//371
f 2252//371 2310//372 2309//371
f 2252//371 2253//372 2310//372
f 2253//372 2311//373 2310//372
f 2253//372 2254//373 2311//373
f 2254//373 2312//374 2311//373
f 2254//373 2255//374 2312//374
f 2255//374 2313//375 2312//374
f 2255//374 2256//375 2313//375
f 2256//375 2314//376 2313//375
f 2256//375 2257//376 2314//376
f 2257//376 2315//377 2314//376
f 2257//376 2258//377 2315//377
f 2258//377 2316//378 2315//377
f 2258//377 2259//378 2316//378
f 2259//378 2317//379 2316//378
f 2259//378 2260//379 2317//379
f 2260//379 2318//380 2317//379
f 2260//379 2261//380 2318//380
f 2261//380 2319//381 2318//380
f 2261//380 2262//381 2319//381
f 2262//381 2320//382 2319//381
f 2262//381 2263//382 2320//382
f 2263//382 2321//383 2320//382
f 2263//382 2264//383 2321//383
f 2264//383 2322//384 2321//383
f 2264//383 2265//384 2322//384
f 2265//384 2323//385 2322//384
f 2265//384 2266//385 2323//385
f 2266//385 2324//386 2323//385
f 2266//385 2267//386 2324//386
f 2267//386 2325//387 2324//386
f 2267//386 2268//387 2325//387
f 2268//387 2326//388 2325//387
f 2268//387 2269//388 2326//388
f 2269//388 2327//389 2326//388
f 2269//388 2270//389 2327//389
f 2270//389 2328//390 2327//389
f 2270//389 2271//390 2328//390
f 2271//390 2329//391 2328//390
f 2271//390 2272//391 2329//391
f 2272//391 2330//392 2329//391
f 2272//391 2273//392 2330//392
f 2273//392 2331//393 2330//392
f 2273//392 2274//393 2331//393
f 2274//393 2332//394 2331//393
f 2274//393 2275//394 2332//394
f 2275//394 2333//395 2332//394
f 2275//394 2276//395 2333//395
f 2276//395 2334//396 2333//395
f 2276//395 2277//396 2334//396
f 2277//396 2335//397 2334//396
f 2277//396 2278//397 2335//397
f 2278//397 2336//398 2335//397
f 2278//397 2279//398 2336//398
f 2279//398 2337//399 2336//398
f 2279//398 2280//399 2337//399
f 2280//399 2338//400 2337//399
f 2280//399 2281//400 2338//400
f 2281//400 2339//401 2338//400
f 2281//400 2282//401 2339//401
f 2282//401 2340//402 2339//401
f 2282//401 2283//402 2340//402
f 2283//402 2341//403 2340//402
f 2283//402 2284//403 2341//403
usemtl body
f 2286//62 2342//63 2343//62
f 2286//62 2285//63 2342//63
f 2285//63 2344//64 2342//63
f 2285//63 2287//64 2344//64
f 2287//64 2345//65 2344//64
f 2287//64 2288//65 2345//65
f 2288//65 2346//66 2345//65
f 2288//65 2289//66 2346//66
f 2289//66 2347//67 2346//66
f 2289//66 2290//67 2347//67
f 2290//67 2348//68 2347//67
f 2290//67 2291//68 2348//68
f 2291//68 2349//69 2348//68
f 2291//68 2292//69 2349//69
f 2292//69 2350//70 2349//69
f 2292//69 2293//70 2350//70
f 2293//70 2351//71 2350//70
f 2293//70 2294//71 2351//71
f 2294//71 2352//72 2351//71
f 2294//71 2295//72 2352//72
f 2295//72 2353//73 2352//72
f 2295//72 2296//73 2353//73
f 2296//73 2354//74 2353//73
f 2296//73 2297//74 2354//74
f 2297//74 2355//75 2354//74
f 2297//74 2298//75 2355//75
f 2298//75 2356//76 2355//75
f 2298//75 2299//76 2356//76
f 2299//76 2357//77 2356//76
f 2299//76 2300//77 2357//77
f 2300//77 2358//78 2357//77
f 2300//77 2301//78 2358//78
f 2301//78 2359//79 2358//78
f 2301//78 2302//79 2359//79
f 2302//79 2360//80 2359//79
f 2302//79 2303//80 2360//80
f 2303//80 2361//81 2360//80
f 2303//80 2304//81 2361//81
f 2304//81 2362//82 2361//81
f 2304//81 2305//82 2362//82
f 2305//82 2363//83 2362//82
f 2305//82 2306//83 2363//83
f 2306//83 2364//84 2363//83
f 2306//83 2307//84 2364//84
f 2307//84 2365//85 2364//84
f 2307//84 2308//85 2365//85
f 2308//85 2366//86 2365//85
f 2308//85 2309//86 2366//86
f 2309//86 2367//87 2366//86
f 2309//86 2310//87 2367//87
f 2310//87 2368//88 2367//87
f 2310//87 2311//88 2368//88
f 2311//88 2369//89 2368//88
f 2311//88 2312//89 2369//89
f 2312//89 2370//90 2369//89
f 2312//89 2313//90 2370//90
f 2313//90 2371//91 2370//90
f 2313//90 2314//91 2371//91
f 2314//91 2372//92 2371//91
f 2314//91 2315//92 2372//92
f 2315//92 2373//93 2372//92
f 2315//92 2316//93 2373//93
f 2316//93 2374//94 2373//93
f 2316//93 2317//94 2374//94
f 2317//94 2375//95 2374//94
f 2317//94 2318//95 2375//95
f 2318//95 2376//96 2375//95
f 2318//95 2319//96 2376//96
f 2319//96 2377//97 2376//96
f 2319//96 2320//97 2377//97
f 2320//97 2378//98 2377//97
f 2320//97 2321//98 2378//98
f 2321//98 2379//99 2378//98
f 2321//98 2322//99 2379//99
f 2322//99 2380//100 2379//99
f 2322//99 2323//100 2380//100
f 2323//100 2381//101 2380//100
f 2323//100 2324//101 2381//101
f 2324//101 2382//102 2381//101
f 2324//101 2325//102 2382//102
f 2325//102 2383//103 2382//102
f 2325//102 2326//103 2383//103
f 2326//103 2384//104 2383//103
f 2326//103 2327//104 2384//104
f 2327//104 2385//105 2384//104
f 2327//104 2328//105 2385//105
f 2328//105 2386//106 2385//105
f 2328//105 2329//106 2386//106
f 2329//106 2387//107 2386//106
f 2329//106 2330//107 2387//107
f 2330//107 2388//108 2387//107
f 2330//107 2331//108 2388//108
f 2331//108 2389//109 2388//108
f 2331//108 2332//109 2389//109
f 2332//109 2390//110 2389//109
f 2332//109 2333//110 2390//110
f 2333//110 2391//111 2390//110
f 2333//110 2334//111 2391//111
f 2334//111 2392//112 2391//111
f 2334//111 2335//112 2392//112
f 2335//112 2393//113 2392//112
f 2335//112 2336//113 2393//113
f 2336//113 2394//114 2393//113
f 2336//113 2337//114 2394//114
f 2337//114 2395//115 2394//114
f 2337//114 2338//115 2395//115
f 2338//115 2396//116 2395//115
f 2338//115 2339//116 2396//116
f 2339//116 2397//117 2396//116
f 2339//116 2340//117 2397//117
f 2340//117 2398//118 2397//117
f 2340//117 2341//118 2398//118
usemtl head
f 2343//404 2399//405 2400//404
f 2343//404 2342//405 2399//405
f 2342//405 2401//406 2399//405
f 2342//405 2344//406 2401//406
f 2344//406 2402//407 2401//406
f 2344//406 2345//407 2402//407
f 2345//407 2403//408 2402//407
f 2345//407 2346//408 2403//408
f 2346//408 2404//409 2403//408
f 2346//408 2347//409 2404//409
f 2347//409 2405//410 2404//409
f 2347//409 2348//410 2405//410
f 2348//410 2406//411 2405//410
f 2348//410 2349//411 2406//411
f 2349//411 2407//412 2406//411
f 2349//411 2350//412 2407//412
f 2350//412 2408//413 2407//412
f 2350//412 2351//413 2408//413
f 2351//413 2409//414 2408//413
f 2351//413 2352//414 2409//414
f 2352//414 2410//415 2409//414
f 2352//414 2353//415 2410//415
f 2353//415 2411//416 2410//415
f 2353//415 2354//416 2411//416
f 2354//416 2412//417 2411//416
f 2354//416 2355//417 2412//417
f 2355//417 2413//418 2412//417
f 2355//417 2356//418 2413//418
f 2356//418 2414//419 2413//418
f 2356//418 2357//419 2414//419
f 2357//419 2415//420 2414//419
f 2357//419 2358//420 2415//420
f 2358//420 2416//421 2415//420
f 2358//420 2359//421 2416//421
f 2359//421 2417//422 2416//421
f 2359//421 2360//422 2417//422
f 2360//422 2418//423 2417//422
f 2360//422 2361//423 2418//423
f 2361//423 2419//424 2418//423
f 2361//423 2362//424 2419//424
f 2362//424 2420//425 2419//424
f 2362//424 2363//425 2420//425
f 2363//425 2421//426 2420//425
f 2363//425 2364//426 2421//426
f 2364//426 2422//427 2421//426
f 2364//426 2365//427 2422//427
f 2365//427 2423//428 2422//427
f 2365//427 2366//428 2423//428
f 2366//428 2424//429 2423//428
f 2366//428 2367//429 2424//429
f 2367//429 2425//430 2424//429
f 2367//429 2368//430 2425//430
f 2368//430 2426//431 2425//430
f 2368//430 2369//431 2426//431
f 2369//431 2427//432 2426//431
f 2369//431 2370//432 2427//432
f 2370//432 2428//433 2427//432
f 2370//432 2371//433 2428//433
f 2371//433 2429//434 2428//433
f 2371//433 2372//434 2429//434
f 2372//434 2430//435 2429//434
f 2372//434 2373//435 2430//435
f 2373//435 2431//436 2430//435
f 2373//435 2374//436 2431//436
f 2374//436 2432//437 2431//436
f 2374//436 2375//437 2432//437
f 2375//437 2433//438 2432//437
f 2375//437 2376//438 2433//438
f 2376//438 2434//439 2433//438
f 2376//438 2377//439 2434//439
f 2377//439 2435//440 2434//439
f 2377//439 2378//440 2435//440
f 2378//440 2436//441 2435//440
f 2378//440 2379//441 2436//441
f 2379//441 2437//442 2436//441
f 2379//441 2380//442 2437//442
f 2380//442 2438//443 2437//442
f 2380//442 2381//443 2438//443
f 2381//443 2439//444 2438//443
f 2381//443 2382//444 2439//444
f 2382//444 2440//445 2439//444
f 2382//444 2383//445 2440//445
f 2383//445 2441//446 2440//445
f 2383//445 2384//446 2441//446
f 2384//446 2442//447 2441//446
f 2384//446 2385//447 2442//447
f 2385//447 2443//448 2442//447
f 2385//447 2386//448 2443//448
f 2386//448 2444//449 2443//448
f 2386//448 2387//449 2444//449
f 2387//449 2445//450 2444//449
f 2387//449 2388//450 2445//450
f 2388//450 2446//451 2445//450
f 2388//450 2389//451 2446//451
f 2389//451 2447//452 2446//451
f 2389//451 2390//452 2447//452
f 2390//452 2448//453 2447//452
f 2390//452 2391//453 2448//453
f 2391//453 2449//454 2448//453
f 2391//453 2392//454 2449//454
f 2392//454 2450//455 2449//454
f 2392//454 2393//455 2450//455
f 2393//455 2451//456 2450//455
f 2393//455 2394//456 2451//456
f 2394//456 2452//457 2451//456
f 2394//456 2395//457 2452//457
f 2395//457 2453//458 2452//457
f 2395//457 2396//458 2453//458
f 2396//458 2454//459 2453//458
f 2396//458 2397//459 2454//459
f 2397//459 2455//460 2454//459
f 2397//459 2398//460 2455//460
f 2400//461 2456//462 2457//461
f 2400//461 2399//462 2456//462
f 2399//462 2458//463 2456//462
f 2399//462 2401//463 2458//463
f 2401//463 2459//464 2458//463
f 2401//463 2402//464 2459//464
f 2402//464 2460//465 2459//464
f 2402//464 2403//465 2460//465
f 2403//465 2461//466 2460//465
f 2403//465 2404//466 2461//466
f 2404//466 2462//467 2461//466
f 2404//466 2405//467 2462//467
f 2405//467 2463//468 2462//467
f 2405//467 2406//468 2463//468
f 2406//468 2464//469 2463//468
f 2406//468 2407//469 2464//469
f 2407//469 2465//470 2464//469
f 2407//469 2408//470 2465//470
f 2408//470 2466//471 2465//470
f 2408//470 2409//471 2466//471
f 2409//471 2467//472 2466//471
f 2409//471 2410//472 2467//472
f 2410//472 2468//473 2467//472
f 2410//472 2411//473 2468//473
f 2411//473 2469//474 2468//473
f 2411//473 2412//474 2469//474
f 2412//474 2470//475 2469//474
f 2412//474 2413//475 2470//475
f 2413//475 2471//476 2470//475
f 2413//475 2414//476 2471//476
f 2414//476 2472//477 2471//476
f 2414//476 2415//477 2472//477
f 2415//477 2473//478 2472//477
f 2415//477 2416//478 2473//478
f 2416//478 2474//479 2473//478
f 2416//478 2417//479 2474//479
f 2417//479 2475//480 2474//479
f 2417//479 2418//480 2475//480
f 2418//480 2476//481 2475//480
f 2418//480 2419//481 2476//481
f 2419//481 2477//482 2476//481
f 2419//481 2420//482 2477//482
f 2420//482 2478//483 2477//482
f 2420//482 2421//483 2478//483
f 2421//483 2479//484 2478//483
f 2421//483 2422//484 2479//484
f 2422//484 2480//485 2479//484
f 2422//484 2423//485 2480//485
f 2423//485 2481//486 2480//485
f 2423//485 2424//486 2481//486
f 2424//486 2482//487 2481//486
f 2424//486 2425//487 2482//487
f 2425//487 2483//488 2482//487
f 2425//487 2426//488 2483//488
f 2426//488 2484//489 2483//488
f 2426//488 2427//489 2484//489
f 2427//489 2485//490 2484//489
f 2427//489 2428//490 2485//490
f 2428//490 2486//491 2485//490
f 2428//490 2429//491 2486//491
f 2429//491 2487//492 2486//491
f 2429//491 2430//492 2487//492
f 2430//492 2488//493 2487//492
f 2430//492 2431//493 2488//493
f 2431//493 2489//494 2488//493
f 2431//493 2432//494 2489//494
f 2432//494 2490//495 2489//494
f 2432//494 2433//495 2490//495
f 2433//495 2491//496 2490//495
f 2433//495 2434//496 2491//496
f 2434//496 2492//497 2491//496
f 2434//496 2435//497 2492//497
f 2435//497 2493//498 2492//497
f 2435//497 2436//498 2493//498
f 2436//498 2494//499 2493//498
f 2436//498 2437//499 2494//499
f 2437//499 2495//500 2494//499
f 2437//499 2438//500 2495//500
f 2438//500 2496//501 2495//500
f 2438//500 2439//501 2496//501
f 2439//501 2497//502 2496//501
f 2439//501 2440//502 2497//502
f 2440//502 2498//503 2497//502
f 2440//502 2441//503 2498//503
f 2441//503 2499//504 2498//503
f 2441//503 2442//504 2499//504
f 2442//504 2500//505 2499//504
f 2442//504 2443//505 2500//505
f 2443//505 2501//506 2500//505
f 2443//505 2444//506 2501//506
f 2444//506 2502//507 2501//506
f 2444//506 2445//507 2502//507
f 2445//507 2503//508 2502//507
f 2445//507 2446//508 2503//508
f 2446//508 2504//509 2503//508
f 2446//508 2447//509 2504//509
f 2447//509 2505//510 2504//509
f 2447//509 2448//510 2505//510
f 2448//510 2506//511 2505//510
f 2448//510 2449//511 2506//511
f 2449//511 2507//512 2506//511
f 2449//511 2450//512 2507//512
f 2450//512 2508//513 2507//512
f 2450//512 2451//513 2508//513
f 2451//513 2509//514 2508//513
f 2451//513 2452//514 2509//514
f 2452//514 2510//515 2509//514
f 2452//514 2453//515 2510//515
f 2453//515 2511//516 2510//515
f 2453//515 2454//516 2511//516
f 2454//516 2512//517 2511//516
f 2454//516 2455//517 2512//517
f 2457//518 2513//519 2514//518
f 2457//518 2456//519 2513//519
f 2456//519 2515//520 2513//519
f 2456//519 2458//520 2515//520
f 2458//520 2516//521 2515//520
f 2458//520 2459//521 2516//521
f 2459//521 2517//522 2516//521
f 2459//521 2460//522 2517//522
f 2460//522 2518//523 2517//522
f 2460//522 2461//523 2518//523
f 2461//523 2519//524 2518//523
f 2461//523 2462//524 2519//524
f 2462//524 2520//525 2519//524
f 2462//524 2463//525 2520//525
f 2463//525 2521//526 2520//525
f 2463//525 2464//526 2521//526
f 2464//526 2522//527 2521//526
f 2464//526 2465//527 2522//527
f 2465//527 2523//528 2522//527
f 2465//527 2466//528 2523//528
f 2466//528 2524//529 2523//528
f 2466//528 2467//529 2524//529
f 2467//529 2525//530 2524//529
f 2467//529 2468//530 2525//530
f 2468//530 2526//531 2525//530
f 2468//530 2469//531 2526//531
f 2469//531 2527//532 2526//531
f 2469//531 2470//532 2527//532
f 2470//532 2528//533 2527//532
f 2470//532 2471//533 2528//533
f 2471//533 2529//534 2528//533
f 2471//533 2472//534 2529//534
f 2472//534 2530//535 2529//534
f 2472//534 2473//535 2530//535
f 2473//535 2531//536 2530//535
f 2473//535 2474//536 2531//536
f 2474//536 2532//537 2531//536
f 2474//536 2475//537 2532//537
f 2475//537 2533//538 2532//537
f 2475//537 2476//538 2533//538
f 2476//538 2534//539 2533//538
f 2476//538 2477//539 2534//539
f 2477//539 2535//540 2534//539
f 2477//539 2478//540 2535//540
f 2478//540 2536//541 2535//540
f 2478//540 2479//541 2536//541
f 2479//541 2537//542 2536//541
f 2479//541 2480//542 2537//542
f 2480//542 2538//543 2537//542
f 2480//542 2481//543 2538//543
f 2481//543 2539//544 2538//543
f 2481//543 2482//544 2539//544
f 2482//544 2540//545 2539//544
f 2482//544 2483//545 2540//545
f 2483//545 2541//546 2540//545
f 2483//545 2484//546 2541//546
f 2484//546 2542//547 2541//546
f 2484//546 2485//547 2542//547
f 2485//547 2543//548 2542//547
f 2485//547 2486//548 2543//548
f 2486//548 2544//549 2543//548
f 2486//548 2487//549 2544//549
f 2487//549 2545//550 2544//549
f 2487//549 2488//550 2545//550
f 2488//550 2546//551 2545//550
f 2488//550 2489//551 2546//551
f 2489//551 2547//552 2546//551
f 2489//551 2490//552 2547//552
f 2490//552 2548//553 2547//552
f 2490//552 2491//553 2548//553
f 2491//553 2549//554 2548//553
f 2491//553 2492//554 2549//554
f 2492//554 2550//555 2549//554
f 2492//554 2493//555 2550//555
f 2493//555 2551//556 2550//555
f 2493//555 2494//556 2551//556
f 2494//556 2552//557 2551//556
f 2494//556 2495//557 2552//557
f 2495//557 2553//558 2552//557
f 2495//557 2496//558 2553//558
f 2496//558 2554//559 2553//558
f 2496//558 2497//559 2554//559
f 2497//559 2555//560 2554//559
f 2497//559 2498//560 2555//560
f 2498//560 2556//561 2555//560
f 2498//560 2499//561 2556//561
f 2499//561 2557//562 2556//561
f 2499//561 2500//562 2557//562
f 2500//562 2558//563 2557//562
f 2500//562 2501//563 2558//563
f 2501//563 2559//564 2558//563
f 2501//563 2502//564 2559//564
f 2502//564 2560//565 2559//564
f 2502//564 2503//565 2560//565
f 2503//565 2561//566 2560//565
f 2503//565 2504//566 2561//566
f 2504//566 2562//567 2561//566
f 2504//566 2505//567 2562//567
f 2505//567 2563//568 2562//567
f 2505//567 2506//568 2563//568
f 2506//568 2564//569 2563//568
f 2506//568 2507//569 2564//569
f 2507//569 2565//570 2564//569
f 2507//569 2508//570 2565//570
f 2508//570 2566//571 2565//570
f 2508//570 2509//571 2566//571
f 2509//571 2567//572 2566//571
f 2509//571 2510//572 2567//572
f 2510//572 2568//573 2567//572
f 2510//572 2511//573 2568//573
f 2511//573 2569//574 2568//573
f 2511//573 2512//574 2569//574
f 2514//575 2570//576 2571//575
f 2514//575 2513//576 2570//576
f 2513//576 2572//577 2570//576
f 2513//576 2515//577 2572//577
f 2515//577 2573//578 2572//577
f 2515//577 2516//578 2573//578
f 2516//578 2574//579 2573//578
f 2516//578 2517//579 2574//579
f 2517//579 2575//580 2574//579
f 2517//579 2518//580 2575//580
f 2518//580 2576//581 2575//580
f 2518//580 2519//581 2576//581
f 2519//581 2577//582 2576//581
f 2519//581 2520//582 2577//582
f 2520//582 2578//583 2577//582
f 2520//582 2521//583 2578//583
f 2521//583 2579//584 2578//583
f 2521//583 2522//584 2579//584
f 2522//584 2580//585 2579//584
f 2522//584 2523//585 2580//585
f 2523//585 2581//586 2580//585
f 2523//585 2524//586 2581//586
f 2524//586 2582//587 2581//586
f 2524//586 2525//587 2582//587
f 2525//587 2583//588 2582//587
f 2525//587 2526//588 2583//588
f 2526//588 2584//589 2583//588
f 2526//588 2527//589 2584//589
f 2527//589 2585//590 2584//589
f 2527//589 2528//590 2585//590
f 2528//590 2586//591 2585//590
f 2528//590 2529//591 2586//591
f 2529//591 2587//592 2586//591
f 2529//591 2530//592 2587//592
f 2530//592 2588//593 2587//592
f 2530//592 2531//593 2588//593
f 2531//593 2589//594 2588//593
f 2531//593 2532//594 2589//594
f 2532//594 2590//595 2589//594
f 2532//594 2533//595 2590//595
f 2533//595 2591//596 2590//595
f 2533//595 2534//596 2591//596
f 2534//596 2592//597 2591//596
f 2534//596 2535//597 2592//597
f 2535//597 2593//598 2592//597
f 2535//597 2536//598 2593//598
f 2536//598 2594//599 2593//598
f 2536//598 2537//599 2594//599
f 2537//599 2595//600 2594//599
f 2537//599 2538//600 2595//600
f 2538//600 2596//601 2595//600
f 2538//600 2539//601 2596//601
f 2539//601 2597//602 2596//601
f 2539//601 2540//602 2597//602
f 2540//602 2598//603 2597//602
f 2540//602 2541//603 2598//603
f 2541//603 2599//604 2598//603
f 2541//603 2542//604 2599//604
f 2542//604 2600//605 2599//604
f 2542//604 2543//605 2600//605
f 2543//605 2601//606 2600//605
f 2543//605 2544//606 2601//606
f 2544//606 2602//607 2601//606
f 2544//606 2545//607 2602//607
f 2545//607 2603//608 2602//607
f 2545//607 2546//608 2603//608
f 2546//608 2604//609 2603//608
f 2546//608 2547//609 2604//609
f 2547//609 2605//610 2604//609
f 2547//609 2548//610 2605//610
f 2548//610 2606//611 2605//610
f 2548//610 2549//611 2606//611
f 2549//611 2607//612 2606//611
f 2549//611 2550//612 2607//612
f 2550//612 2608//613 2607//612
f 2550//612 2551//613 2608//613
f 2551//613 2609//614 2608//613
f 2551//613 2552//614 2609//614
f 2552//614 2610//615 2609//614
f 2552//614 2553//615 2610//615
f 2553//615 2611//616 2610//615
f 2553//615 2554//616 2611//616
f 2554//616 2612//617 2611//616
f 2554//616 2555//617 2612//617
f 2555//617 2613//618 2612//617
f 2555//617 2556//618 2613//618
f 2556//618 2614//619 2613//618
f 2556//618 2557//619 2614//619
f 2557//619 2615//620 2614//619
f 2557//619 2558//620 2615//620
f 2558//620 2616//621 2615//620
f 2558//620 2559//621 2616//621
f 2559//621 2617//622 2616//621
f 2559//621 2560//622 2617//622
f 2560//622 2618//623 2617//622
f 2560//622 2561//623 2618//623
f 2561//623 2619//624 2618//623
f 2561//623 2562//624 2619//624
f 2562//624 2620//625 2619//624
f 2562//624 2563//625 2620//625
f 2563//625 2621//626 2620//625
f 2563//625 2564//626 2621//626
f 2564//626 2622//627 2621//626
f 2564//626 2565//627 2622//627
f 2565//627 2623//628 2622//627
f 2565//627 2566//628 2623//628
f 2566//628 2624//629 2623//628
f 2566//628 2567//629 2624//629
f 2567//629 2625//630 2624//629
f 2567//629 2568//630 2625//630
f 2568//630 2626//631 2625//630
f 2568//630 2569//631 2626//631
f 2571//62 2627//63 2628//62
f 2571//62 2570//63 2627//63
f 2570//63 2629//64 2627//63
f 2570//63 2572//64 2629//64
f 2572//64 2630//65 2629//64
f 2572//64 2573//65 2630//65
f 2573//65 2631//66 2630//65
f 2573//65 2574//66 2631//66
f 2574//66 2632//67 2631//66
f 2574//66 2575//67 2632//67
f 2575//67 2633//68 2632//67
f 2575//67 2576//68 2633//68
f 2576//68 2634//69 2633//68
f 2576//68 2577//69 2634//69
f 2577//69 2635//70 2634//69
f 2577//69 2578//70 2635//70
f 2578//70 2636//71 2635//70
f 2578//70 2579//71 2636//71
f 2579//71 2637//72 2636//71
f 2579//71 2580//72 2637//72
f 2580//72 2638//73 2637//72
f 2580//72 2581//73 2638//73
f 2581//73 2639//74 2638//73
f 2581//73 2582//74 2639//74
f 2582//74 2640//75 2639//74
f 2582//74 2583//75 2640//75
f 2583//75 2641//76 2640//75
f 2583//75 2584//76 2641//76
f 2584//76 2642//77 2641//76
f 2584//76 2585//77 2642//77
f 2585//77 2643//78 2642//77
f 2585//77 2586//78 2643//78
f 2586//78 2644//79 2643//78
f 2586//78 2587//79 2644//79
f 2587//79 2645//80 2644//79
f 2587//79 2588//80 2645//80
f 2588//80 2646//81 2645//80
f 2588//80 2589//81 2646//81
f 2589//81 2647//82 2646//81
f 2589//81 2590//82 2647//82
f 2590//82 2648//83 2647//82
f 2590//82 2591//83 2648//83
f 2591//83 2649//84 2648//83
f 2591//83 2592//84 2649//84
f 2592//84 2650//85 2649//84
f 2592//84 2593//85 2650//85
f 2593//85 2651//86 2650//85
f 2593//85 2594//86 2651//86
f 2594//86 2652//87 2651//86
f 2594//86 2595//87 2652//87
f 2595//87 2653//88 2652//87
f 2595//87 2596//88 2653//88
f 2596//88 2654//89 2653//88
f 2596//88 2597//89 2654//89
f 2597//89 2655//90 2654//89
f 2597//89 2598//90 2655//90
f 2598//90 2656//91 2655//90
f 2598//90 2599//91 2656//91
f 2599//91 2657//92 2656//91
f 2599//91 2600//92 2657//92
f 2600//92 2658//93 2657//92
f 2600//92 2601//93 2658//93
f 2601//93 2659//94 2658//93
f 2601//93 2602//94 2659//94
f 2602//94 2660//95 2659//94
f 2602//94 2603//95 2660//95
f 2603//95 2661//96 2660//95
f 2603//95 2604//96 2661//96
f 2604//96 2662//97 2661//96
f 2604//96 2605//97 2662//97
f 2605//97 2663//98 2662//97
f 2605//97 2606//98 2663//98
f 2606//98 2664//99 2663//98
f 2606//98 2607//99 2664//99
f 2607//99 2665//100 2664//99
f 2607//99 2608//100 2665//100
f 2608//100 2666//101 2665//100
f 2608//100 2609//101 2666//101
f 2609//101 2667//102 2666//101
f 2609//101 2610//102 2667//102
f 2610//102 2668//103 2667//102
f 2610//102 2611//103 2668//103
f 2611//103 2669//104 2668//103
f 2611//103 2612//104 2669//104
f 2612//104 2670//105 2669//104
f 2612//104 2613//105 2670//105
f 2613//105 2671//106 2670//105
f 2613//105 2614//106 2671//106
f 2614//106 2672//107 2671//106
f 2614//106 2615//107 2672//107
f 2615//107 2673//108 2672//107
f 2615//107 2616//108 2673//108
f 2616//108 2674//109 2673//108
f 2616//108 2617//109 2674//109
f 2617//109 2675//110 2674//109
f 2617//109 2618//110 2675//110
f 2618//110 2676//111 2675//110
f 2618//110 2619//111 2676//111
f 2619//111 2677//112 2676//111
f 2619//111 2620//112 2677//112
f 2620//112 2678//113 2677//112
f 2620//112 2621//113 2678//113
f 2621//113 2679//114 2678//113
f 2621//113 2622//114 2679//114
f 2622//114 2680//115 2679//114
f 2622//114 2623//115 2680//115
f 2623//115 2681//116 2680//115
f 2623//115 2624//116 2681//116
f 2624//116 2682//117 2681//116
f 2624//116 2625//117 2682//117
f 2625//117 2683//118 2682//117
f 2625//117 2626//118 2683//118
usemtl gold
f 2628//62 2684//63 2685//62
f 2628//62 2627//63 2684//63
f 2627//63 2686//64 2684//63
f 2627//63 2629//64 2686//64
f 2629//64 2687//65 2686//64
f 2629//64 2630//65 2687//65
f 2630//65 2688//66 2687//65
f 2630//65 2631//66 2688//66
f 2631//66 2689//67 2688//66
f 2631//66 2632//67 2689//67
f 2632//67 2690//68 2689//67
f 2632//67 2633//68 2690//68
f 2633//68 2691//69 2690//68
f 2633//68 2634//69 2691//69
f 2634//69 2692//70 2691//69
f 2634//69 2635//70 2692//70
f 2635//70 2693//71 2692//70
f 2635//70 2636//71 2693//71
f 2636//71 2694//72 2693//71
f 2636//71 2637//72 2694//72
f 2637//72 2695//73 2694//72
f 2637//72 2638//73 2695//73
f 2638//73 2696//74 2695//73
f 2638//73 2639//74 2696//74
f 2639//74 2697//75 2696//74
f 2639//74 2640//75 2697//75
f 2640//75 2698//76 2697//75
f 2640//75 2641//76 2698//76
f 2641//76 2699//77 2698//76
f 2641//76 2642//77 2699//77
f 2642//77 2700//78 2699//77
f 2642//77 2643//78 2700//78
f 2643//78 2701//79 2700//78
f 2643//78 2644//79 2701//79
f 2644//79 2702//80 2701//79
f 2644//79 2645//80 2702//80
f 2645//80 2703//81 2702//80
f 2645//80 2646//81 2703//81
f 2646//81 2704//82 2703//81
f 2646//81 2647//82 2704//82
f 2647//82 2705//83 2704//82
f 2647//82 2648//83 2705//83
f 2648//83 2706//84 2705//83
f 2648//83 2649//84 2706//84
f 2649//84 2707//85 2706//84
f 2649//84 2650//85 2707//85
f 2650//85 2708//86 2707//85
f 2650//85 2651//86 2708//86
f 2651//86 2709//87 2708//86
f 2651//86 2652//87 2709//87
f 2652//87 2710//88 2709//87
f 2652//87 2653//88 2710//88
f 2653//88 2711//89 2710//88
f 2653//88 2654//89 2711//89
f 2654//89 2712//90 2711//89
f 2654//89 2655//90 2712//90
f 2655//90 2713//91 2712//90
f 2655//90 2656//91 2713//91
f 2656//91 2714//92 2713//91
f 2656//91 2657//92 2714//92
f 2657//92 2715//93 2714//92
f 2657//92 2658//93 2715//93
f 2658//93 2716//94 2715//93
f 2658//93 2659//94 2716//94
f 2659//94 2717//95 2716//94
f 2659//94 2660//95 2717//95
f 2660//95 2718//96 2717//95
f 2660//95 2661//96 2718//96
f 2661//96 2719//97 2718//96
f 2661//96 2662//97 2719//97
f 2662//97 2720//98 2719//97
f 2662//97 2663//98 2720//98
f 2663//98 2721//99 2720//98
f 2663//98 2664//99 2721//99
f 2664//99 2722//100 2721//99
f 2664//99 2665//100 2722//100
f 2665//100 2723//101 2722//100
f 2665//100 2666//101 2723//101
f 2666//101 2724//102 2723//101
f 2666//101 2667//102 2724//102
f 2667//102 2725//103 2724//102
f 2667//102 2668//103 2725//103
f 2668//103 2726//104 2725//103
f 2668//103 2669//104 2726//104
f 2669//104 2727//105 2726//104
f 2669//104 2670//105 2727//105
f 2670//105 2728//106 2727//105
f 2670//105 2671//106 2728//106
f 2671//106 2729//107 2728//106
f 2671//106 2672//107 2729//107
f 2672//107 2730//108 2729//107
f 2672//107 2673//108 2730//108
f 2673//108 2731//109 2730//108
f 2673//108 2674//109 2731//109
f 2674//109 2732//110 2731//109
f 2674//109 2675//110 2732//110
f 2675//110 2733//111 2732//110
f 2675//110 2676//111 2733//111
f 2676//111 2734//112 2733//111
f 2676//111 2677//112 2734//112
f 2677//112 2735//113 2734//112
f 2677//112 2678//113 2735//113
f 2678//113 2736//114 2735//113
f 2678//113 2679//114 2736//114
f 2679//114 2737//115 2736//114
f 2679//114 2680//115 2737//115
f 2680//115 2738//116 2737//115
f 2680//115 2681//116 2738//116
f 2681//116 2739//117 2738//116
f 2681//116 2682//117 2739//117
f 2682//117 2740//118 2739//117
f 2682//117 2683//118 2740//118
f 2685//632 2741//633 2742//632
f 2685//632 2684//633 2741//633
f 2684//633 2743//634 2741//633
f 2684//633 2686//634 2743//634
f 2686//634 2744//635 2743//634
f 2686//634 2687//635 2744//635
f 2687//635 2745//636 2744//635
f 2687//635 2688//636 2745//636
f 2688//636 2746//637 2745//636
f 2688//636 2689//637 2746//637
f 2689//637 2747//638 2746//637
f 2689//637 2690//638 2747//638
f 2690//638 2748//639 2747//638
f 2690//638 2691//639 2748//639
f 2691//639 2749//640 2748//639
f 2691//639 2692//640 2749//640
f 2692//640 2750//641 2749//640
f 2692//640 2693//641 2750//641
f 2693//641 2751//642 2750//641
f 2693//641 2694//642 2751//642
f 2694//642 2752//643 2751//642
f 2694//642 2695//643 2752//643
f 2695//643 2753//644 2752//643
f 2695//643 2696//644 2753//644
f 2696//644 2754//645 2753//644
f 2696//644 2697//645 2754//645
f 2697//645 2755//646 2754//645
f 2697//645 2698//646 2755//646
f 2698//646 2756//647 2755//646
f 2698//646 2699//647 2756//647
f 2699//647 2757//648 2756//647
f 2699//647 2700//648 2757//648
f 2700//648 2758//649 2757//648
f 2700//648 2701//649 2758//649
f 2701//649 2759//650 2758//649
f 2701//649 2702//650 2759//650
f 2702//650 2760//651 2759//650
f 2702//650 2703//651 2760//651
f 2703//651 2761//652 2760//651
f 2703//651 2704//652 2761//652
f 2704//652 2762//653 2761//652
f 2704//652 2705//653 2762//653
f 2705//653 2763//654 2762//653
f 2705//653 2706//654 2763//654
f 2706//654 2764//655 2763//654
f 2706//654 2707//655 2764//655
f 2707//655 2765//656 2764//655
f 2707//655 2708//656 2765//656
f 2708//656 2766//657 2765//656
f 2708//656 2709//657 2766//657
f 2709//657 2767//658 2766//657
f 2709//657 2710//658 2767//658
f 2710//658 2768//659 2767//658
f 2710//658 2711//659 2768//659
f 2711//659 2769//660 2768//659
f 2711//659 2712//660 2769//660
f 2712//660 2770//661 2769//660
f 2712//660 2713//661 2770//661
f 2713//661 2771//662 2770//661
f 2713//661 2714//662 2771//662
f 2714//662 2772//663 2771//662
f 2714//662 2715//663 2772//663
f 2715//663 2773//664 2772//663
f 2715//663 2716//664 2773//664
f 2716//664 2774//665 2773//664
f 2716//664 2717//665 2774//665
f 2717//665 2775//666 2774//665
f 2717//665 2718//666 2775//666
f 2718//666 2776//667 2775//666
f 2718//666 2719//667 2776//667
f 2719//667 2777//668 2776//667
f 2719//667 2720//668 2777//668
f 2720//668 2778//669 2777//668
f 2720//668 2721//669 2778//669
f 2721//669 2779//670 2778//669
f 2721//669 2722//670 2779//670
f 2722//670 2780//671 2779//670
f 2722//670 2723//671 2780//671
f 2723//671 2781//672 2780//671
f 2723//671 2724//672 2781//672
f 2724//672 2782//673 2781//672
f 2724//672 2725//673 2782//673
f 2725//673 2783//674 2782//673
f 2725//673 2726//674 2783//674
f 2726//674 2784//675 2783//674
f 2726//674 2727//675 2784//675
f 2727//675 2785//676 2784//675
f 2727//675 2728//676 2785//676
f 2728//676 2786//677 2785//676
f 2728//676 2729//677 2786//677
f 2729//677 2787//678 2786//677
f 2729//677 2730//678 2787//678
f 2730//678 2788//679 2787//678
f 2730//678 2731//679 2788//679
f 2731//679 2789//680 2788//679
f 2731//679 2732//680 2789//680
f 2732//680 2790//681 2789//680
f 2732//680 2733//681 2790//681
f 2733//681 2791//682 2790//681
f 2733//681 2734//682 2791//682
f 2734//682 2792//683 2791//682
f 2734//682 2735//683 2792//683
f 2735//683 2793//684 2792//683
f 2735//683 2736//684 2793//684
f 2736//684 2794//685 2793//684
f 2736//684 2737//685 2794//685
f 2737//685 2795//686 2794//685
f 2737//685 2738//686 2795//686
f 2738//686 2796//687 2795//686
f 2738//686 2739//687 2796//687
f 2739//687 2797//688 2796//687
f 2739//687 2740//688 2797//688
f 2742//689 2798//689 2799//689
f 2742//689 2741//689 2798//689
f 2741//689 2800//689 2798//689
f 2741//689 2743//689 2800//689
f 2743//689 2801//689 2800//689
f 2743//689 2744//689 2801//689
f 2744//689 2802//689 2801//689
f 2744//689 2745//689 2802//689
f 2745//689 2803//689 2802//689
f 2745//689 2746//689 2803//689
f 2746//689 2804//689 2803//689
f 2746//689 2747//689 2804//689
f 2747//689 2805//689 2804//689
f 2747//689 2748//689 2805//689
f 2748//689 2806//689 2805//689
f 2748//689 2749//689 2806//689
f 2749//689 2807//689 2806//689
f 2749//689 2750//689 2807//689
f 2750//689 2808//689 2807//689
f 2750//689 2751//689 2808//689
f 2751//689 2809//689 2808//689
f 2751//689 2752//689 2809//689
f 2752//689 2810//689 2809//689
f 2752//689 2753//689 2810//689
f 2753//689 2811//689 2810//689
f 2753//689 2754//689 2811//689
f 2754//689 2812//689 2811//689
f 2754//689 2755//689 2812//689
f 2755//689 2813//690 2812//689
f 2755//689 2756//690 2813//690
f 2756//690 2814//690 2813//690
f 2756//690 2757//690 2814//690
f 2757//690 2815//690 2814//690
f 2757//690 2758//690 2815//690
f 2758//690 2816//690 2815//690
f 2758//690 2759//690 2816//690
f 2759//690 2817//690 2816//690
f 2759//690 2760//690 2817//690
f 2760//690 2818//690 2817//690
f 2760//690 2761//690 2818//690
f 2761//690 2819//690 2818//690
f 2761//690 2762//690 2819//690
f 2762//690 2820//690 2819//690
f 2762//690 2763//690 2820//690
f 2763//690 2821//690 2820//690
f 2763//690 2764//690 2821//690
f 2764//690 2822//690 2821//690
f 2764//690 2765//690 2822//690
f 2765//690 2823//690 2822//690
f 2765//690 2766//690 2823//690
f 2766//690 2824//690 2823//690
f 2766//690 2767//690 2824//690
f 2767//690 2825//690 2824//690
f 2767//690 2768//690 2825//690
f 2768//690 2826//690 2825//690
f 2768//690 2769//690 2826//690
f 2769//690 2827//691 2826//690
f 2769//690 2770//691 2827//691
f 2770//691 2828//691 2827//691
f 2770//691 2771//691 2828//691
f 2771//691 2829//691 2828//691
f 2771//691 2772//691 2829//691
f 2772//691 2830//691 2829//691
f 2772//691 2773//691 2830//691
f 2773//691 2831//691 2830//691
f 2773//691 2774//691 2831//691
f 2774//691 2832//691 2831//691
f 2774//691 2775//691 2832//691
f 2775//691 2833//691 2832//691
f 2775//691 2776//691 2833//691
f 2776//691 2834//691 2833//691
f 2776//691 2777//691 2834//691
f 2777//691 2835//691 2834//691
f 2777//691 2778//691 2835//691
f 2778//691 2836//691 2835//691
f 2778//691 2779//691 2836//691
f 2779//691 2837//691 2836//691
f 2779//691 2780//691 2837//691
f 2780//691 2838//691 2837//691
f 2780//691 2781//691 2838//691
f 2781//691 2839//691 2838//691
f 2781//691 2782//691 2839//691
f 2782//691 2840//691 2839//691
f 2782//691 2783//691 2840//691
f 2783//691 2841//692 2840//691
f 2783//691 2784//692 2841//692
f 2784//692 2842//692 2841//692
f 2784//692 2785//692 2842//692
f 2785//692 2843//692 2842//692
f 2785//692 2786//692 2843//692
f 2786//692 2844//692 2843//692
f 2786//692 2787//692 2844//692
f 2787//692 2845//692 2844//692
f 2787//692 2788//692 2845//692
f 2788//692 2846//692 2845//692
f 2788//692 2789//692 2846//692
f 2789//692 2847//692 2846//692
f 2789//692 2790//692 2847//692
f 2790//692 2848//692 2847//692
f 2790//692 2791//692 2848//692
f 2791//692 2849//692 2848//692
f 2791//692 2792//692 2849//692
f 2792//692 2850//692 2849//692
f 2792//692 2793//692 2850//692
f 2793//692 2851//692 2850//692
f 2793//692 2794//692 2851//692
f 2794//692 2852//692 2851//692
f 2794//692 2795//692 2852//692
f 2795//692 2853//692 2852//692
f 2795//692 2796//692 2853//692
f 2796//692 2854//692 2853//692
f 2796//692 2797//692 2854//692
usemtl reflector
f 2799//693 2855//91 2856//693
f 2799//693 2798//91 2855//91
f 2798//91 2857//92 2855//91
f 2798//91 2800//92 2857//92
f 2800//92 2858//93 2857//92
f 2800//92 2801//93 2858//93
f 2801//93 2859//94 2858//93
f 2801//93 2802//94 2859//94
f 2802//94 2860//95 2859//94
f 2802//94 2803//95 2860//95
f 2803//95 2861//96 2860//95
f 2803//95 2804//96 2861//96
f 2804//96 2862//97 2861//96
f 2804//96 2805//97 2862//97
f 2805//97 2863//98 2862//97
f 2805//97 2806//98 2863//98
f 2806//98 2864//99 2863//98
f 2806//98 2807//99 2864//99
f 2807//99 2865//100 2864//99
f 2807//99 2808//100 2865//100
f 2808//100 2866//101 2865//100
f 2808//100 2809//101 2866//101
f 2809//101 2867//102 2866//101
f 2809//101 2810//102 2867//102
f 2810//102 2868//103 2867//102
f 2810//102 2811//103 2868//103
f 2811//103 2869//104 2868//103
f 2811//103 2812//104 2869//104
f 2812//104 2870//105 2869//104
f 2812//104 2813//105 2870//105
f 2813//105 2871//106 2870//105
f 2813//105 2814//106 2871//106
f 2814//106 2872//107 2871//106
f 2814//106 2815//107 2872//107
f 2815//107 2873//108 2872//107
f 2815//107 2816//108 2873//108
f 2816//108 2874//109 2873//108
f 2816//108 2817//109 2874//109
f 2817//109 2875//110 2874//109
f 2817//109 2818//110 2875//110
f 2818//110 2876//111 2875//110
f 2818//110 2819//111 2876//111
f 2819//111 2877//112 2876//111
f 2819//111 2820//112 2877//112
f 2820//112 2878//113 2877//112
f 2820//112 2821//113 2878//113
f 2821//113 2879//114 2878//113
f 2821//113 2822//114 2879//114
f 2822//114 2880//115 2879//114
f 2822//114 2823//115 2880//115
f 2823//115 2881//116 2880//115
f 2823//115 2824//116 2881//116
f 2824//116 2882//117 2881//116
f 2824//116 2825//117 2882//117
f 2825//117 2883//118 2882//117
f 2825//117 2826//118 2883//118
f 2826//118 2884//63 2883//118
f 2826//118 2827//63 2884//63
f 2827//63 2885//64 2884//63
f 2827//63 2828//64 2885//64
f 2828//64 2886//65 2885//64
f 2828//64 2829//65 2886//65
f 2829//65 2887//66 2886//65
f 2829//65 2830//66 2887//66
f 2830//66 2888//67 2887//66
f 2830//66 2831//67 2888//67
f 2831//67 2889//68 2888//67
f 2831//67 2832//68 2889//68
f 2832//68 2890//69 2889//68
f 2832//68 2833//69 2890//69
f 2833//69 2891//70 2890//69
f 2833//69 2834//70 2891//70
f 2834//70 2892//71 2891//70
f 2834//70 2835//71 2892//71
f 2835//71 2893//72 2892//71
f 2835//71 2836//72 2893//72
f 2836//72 2894//73 2893//72
f 2836//72 2837//73 2894//73
f 2837//73 2895//74 2894//73
f 2837//73 2838//74 2895//74
f 2838//74 2896//75 2895//74
f 2838//74 2839//75 2896//75
f 2839//75 2897//76 2896//75
f 2839//75 2840//76 2897//76
f 2840//76 2898//77 2897//76
f 2840//76 2841//77 2898//77
f 2841//77 2899//78 2898//77
f 2841//77 2842//78 2899//78
f 2842//78 2900//79 2899//78
f 2842//78 2843//79 2900//79
f 2843//79 2901//80 2900//79
f 2843//79 2844//80 2901//80
f 2844//80 2902//81 2901//80
f 2844//80 2845//81 2902//81
f 2845//81 2903//82 2902//81
f 2845//81 2846//82 2903//82
f 2846//82 2904//83 2903//82
f 2846//82 2847//83 2904//83
f 2847//83 2905//84 2904//83
f 2847//83 2848//84 2905//84
f 2848//84 2906//85 2905//84
f 2848//84 2849//85 2906//85
f 2849//85 2907//86 2906//85
f 2849//85 2850//86 2907//86
f 2850//86 2908//87 2907//86
f 2850//86 2851//87 2908//87
f 2851//87 2909//88 2908//87
f 2851//87 2852//88 2909//88
f 2852//88 2910//89 2909//88
f 2852//88 2853//89 2910//89
f 2853//89 2911//90 2910//89
f 2853//89 2854//90 2911//90
usemtl lens
f 2856//689 2855//689 2912//689
f 2855//689 2857//689 2912//689
f 2857//689 2858//689 2912//689
f 2858//689 2859//689 2912//689
f 2859//689 2860//689 2912//689
f 2860//689 2861//689 2912//689
f 2861//689 2862//689 2912//689
f 2862//689 2863//689 2912//689
f 2863//689 2864//689 2912//689
f 2864//689 2865//689 2912//689
f 2865//689 2866//689 2912//689
f 2866//689 2867//689 2912//689
f 2867//689 2868//689 2912//689
f 2868//689 2869//689 2912//689
f 2869//689 2870//690 2913//690
f 2870//690 2871//690 2913//690
f 2871//690 2872//690 2913//690
f 2872//690 2873//690 2913//690
f 2873//690 2874//690 2913//690
f 2874//690 2875//690 2913//690
f 2875//690 2876//690 2913//690
f 2876//690 2877//690 2913//690
f 2877//690 2878//690 2913//690
f 2878//690 2879//690 2913//690
f 2879//690 2880//690 2913//690
f 2880//690 2881//690 2913//690
f 2881//690 2882//690 2913//690
f 2882//690 2883//690 2913//690
f 2883//690 2884//691 2914//691
f 2884//691 2885//691 2914//691
f 2885//691 2886//691 2914//691
f 2886//691 2887//691 2914//691
f 2887//691 2888//691 2914//691
f 2888//691 2889//691 2914//691
f 2889//691 2890//691 2914//691
f 2890//691 2891//691 2914//691
f 2891//691 2892//691 2914//691
f 2892//691 2893//691 2914//691
f 2893//691 2894//691 2914//691
f 2894//691 2895//691 2914//691
f 2895//691 2896//691 2914//691
f 2896//691 2897//691 2914//691
f 2897//691 2898//692 2915//692
f 2898//692 2899//692 2915//692
f 2899//692 2900//692 2915//692
f 2900//692 2901//692 2915//692
f 2901//692 2902//692 2915//692
f 2902//692 2903//692 2915//692
f 2903//692 2904//692 2915//692
f 2904//692 2905//692 2915//692
f 2905//692 2906//692 2915//692
f 2906//692 2907//692 2915//692
f 2907//692 2908//692 2915//692
f 2908//692 2909//692 2915//692
f 2909//692 2910//692 2915//692
f 2910//692 2911//692 2915//692
usemtl button
f 2916//1 2917//1 2918//1
f 2916//1 2919//1 2917//1
f 2920//689 2921//689 2922//689
f 2920//689 2923//689 2921//689
f 2916//694 2922//694 2919//694
f 2916//694 2920//694 2922//694
f 2918//695 2921//695 2923//695
f 2918//695 2917//695 2921//695
f 2916//696 2923//696 2920//696
f 2916//696 2918//696 2923//696
f 2919//697 2921//697 2917//697
f 2919//697 2922//697 2921//697
f 2924//1 2925//1 2926//1
f 2924//1 2927//1 2925//1
f 2928//689 2929//689 2930//689
f 2928//689 2931//689 2929//689
f 2924//694 2930//694 2927//694
f 2924//694 2928//694 2930//694
f 2926//695 2929//695 2931//695
f 2926//695 2925//695 2929//695
f 2924//696 2931//696 2928//696
f 2924//696 2926//696 2931//696
f 2927//697 2929//697 2925//697
f 2927//697 2930//697 2929//697
